id,imdbid,title,release,runtime,budget,revenue,popularity,vote_average,vote_count
5,tt0113101,Four Rooms,1995,98,4000000,4300000,9.02659,6.5,539
12,tt0266543,Finding Nemo,2003,100,94000000,940335536,25.4978,7.6,6292
13,tt0109830,Forrest Gump,1994,142,55000000,677945399,48.3072,8.2,8147
14,tt0169547,American Beauty,1999,122,15000000,356296601,20.7266,7.9,3438
16,tt0168629,Dancer in the Dark,2000,140,12800000,40031879,10.6848,7.7,392
18,tt0119116,The Fifth Element,1997,126,90000000,263920180,24.3053,7.3,3962
22,tt0325980,Pirates of the Caribbean: The Curse of the Black Pearl,2003,143,140000000,655011224,47.3267,7.5,7191
24,tt0266697,Kill Bill: Vol. 1,2003,111,30000000,180949000,25.2619,7.7,5091
25,tt0418763,Jarhead,2005,125,72000000,96889998,9.99703,6.6,776
27,tt0411705,9 Songs,2004,66,1000000,1574623,18.8477,5.1,103
33,tt0105695,Unforgiven,1992,131,14000000,159157447,10.9421,7.7,1133
35,tt0462538,The Simpsons Movie,2007,87,75000000,527068851,14.3029,6.9,2335
38,tt0338013,Eternal Sunshine of the Spotless Mind,2004,108,20000000,72258126,12.9063,7.9,3758
58,tt0383574,Pirates of the Caribbean: Dead Man's Chest,2006,151,200000000,1065659812,29.4553,7,5380
59,tt0399146,A History of Violence,2005,96,32000000,60740827,11.1197,6.9,850
63,tt0114746,Twelve Monkeys,1995,129,29500000,168840000,12.2973,7.4,2470
64,tt0287467,Talk to Her,2002,112,9285469,51001550,6.64828,7.5,273
65,tt0298203,8 Mile,2002,110,41000000,215000000,8.37436,6.8,1676
66,tt0118548,Absolute Power,1997,121,50000000,50068310,7.66124,6.4,226
69,tt0358273,Walk the Line,2005,136,28000000,186438883,11.4764,7.3,732
70,tt0405159,Million Dollar Baby,2004,132,30000000,216763646,14.4714,7.7,2519
71,tt0249462,Billy Elliot,2000,110,5000000,110000000,12.1584,7.4,774
73,tt0120586,American History X,1998,119,20000000,23875127,18.1572,8.2,3120
74,tt0407304,War of the Worlds,2005,116,132000000,591739379,19.9294,6.2,2397
75,tt0116996,Mars Attacks!,1996,106,70000000,101371017,15.6342,6.1,1544
76,tt0112471,Before Sunrise,1995,105,2500000,5535405,11.305,7.7,984
77,tt0209144,Memento,2000,113,9000000,39723096,15.4508,8.1,4168
78,tt0083658,Blade Runner,1982,117,28000000,33139618,9.62724,7.9,3833
79,tt0299977,Hero,2002,99,31000000,177394432,9.86176,7.3,647
80,tt0381681,Before Sunset,2004,80,2700000,15992615,7.04896,7.6,734
81,tt0087544,Nausicaä of the Valley of the Wind,1984,117,1000000,3301446,11.2674,7.7,808
82,tt0430357,Miami Vice,2006,134,135000000,163794509,11.7254,5.7,494
83,tt0374102,Open Water,2004,79,130000,54667954,10.6528,5.3,320
85,tt0082971,Raiders of the Lost Ark,1981,115,18000000,389925971,19.9016,7.7,3949
87,tt0087469,Indiana Jones and the Temple of Doom,1984,118,28000000,333000000,15.8023,7.1,2841
88,tt0092890,Dirty Dancing,1987,100,6000000,213954274,14.0441,7.1,1371
89,tt0097576,Indiana Jones and the Last Crusade,1989,127,48000000,474171806,14.789,7.6,3221
90,tt0086960,Beverly Hills Cop,1984,105,15000000,316360478,8.50348,6.8,985
95,tt0120591,Armageddon,1998,151,140000000,553799566,13.2351,6.5,2540
96,tt0092644,Beverly Hills Cop II,1987,100,20000000,299965036,9.20034,6.1,627
97,tt0084827,Tron,1982,96,17000000,33000000,16.574,6.6,717
98,tt0172495,Gladiator,2000,155,103000000,457640427,23.1867,7.9,5566
99,tt0185125,All About My Mother,1999,101,8272296,67872296,10.0009,7.4,337
100,tt0120735,"Lock, Stock and Two Smoking Barrels",1998,105,1350000,3897569,4.60786,7.5,1671
101,tt0110413,Leon: The Professional,1994,110,16000000,45284974,20.4773,8.2,4293
104,tt0130827,Run Lola Run,1998,81,1530000,7267585,7.76538,7.2,672
105,tt0088763,Back to the Future,1985,116,19000000,381109762,25.7785,8,6239
106,tt0093773,Predator,1987,107,18000000,98235548,18.4957,7.3,2129
107,tt0208092,Snatch,2000,103,10000000,83557872,14.014,7.7,2953
111,tt0086250,Scarface,1983,170,25000000,65884703,11.2997,8,3017
114,tt0100405,Pretty Woman,1990,119,14000000,463000000,13.3485,7,1807
115,tt0118715,The Big Lebowski,1998,117,15000000,46189568,15.9525,7.8,3001
116,tt0416320,Match Point,2005,124,15000000,85306374,9.02037,7.2,1134
117,tt0094226,The Untouchables,1987,119,25000000,76270454,11.0622,7.6,1424
118,tt0367594,Charlie and the Chocolate Factory,2005,115,150000000,474968763,22.0384,6.7,3759
120,tt0120737,The Lord of the Rings: The Fellowship of the Ring,2001,178,93000000,871368364,32.0707,8,8892
121,tt0167261,The Lord of the Rings: The Two Towers,2002,179,79000000,926287400,29.4235,8,7641
122,tt0167260,The Lord of the Rings: The Return of the King,2003,201,94000000,1118888979,29.3244,8.1,8226
128,tt0119698,Princess Mononoke,1997,134,26500000,159375308,17.1667,8.2,2041
129,tt0245429,Spirited Away,2001,125,15000000,274925095,41.0489,8.3,3968
134,tt0190590,"O Brother, Where Art Thou?",2000,106,26000000,71868327,12.4342,7.3,1144
137,tt0107048,Groundhog Day,1993,101,14600000,70906973,12.9896,7.4,2358
140,tt0275491,Bad Education,2004,106,5000000,40266982,7.66414,7.1,223
141,tt0246578,Donnie Darko,2001,113,6000000,1270522,18.3031,7.7,3574
142,tt0388795,Brokeback Mountain,2005,134,14000000,178043761,11.787,7.5,1531
144,tt0093191,Wings of Desire,1987,128,2500000,3200000,6.35732,7.5,256
146,tt0190332,"Crouching Tiger, Hidden Dragon",2000,120,17000000,213525736,19.945,7.2,949
149,tt0094625,Akira,1988,124,8000000,553171,10.8889,7.8,792
150,tt0083511,48 Hrs.,1982,96,12000000,78868508,15.2971,6.5,364
153,tt0335266,Lost in Translation,2003,102,4000000,119723856,11.6094,7.3,1943
155,tt0468569,The Dark Knight,2008,152,185000000,1004558444,123.167,8.3,12269
157,tt0088170,Star Trek III: The Search for Spock,1984,105,18000000,87000000,6.1973,6.4,443
161,tt0240772,Ocean's Eleven,2001,116,85000000,450717150,12.1149,7.2,3857
162,tt0099487,Edward Scissorhands,1990,105,20000000,53000000,17.6122,7.5,3731
163,tt0349903,Ocean's Twelve,2004,125,110000000,362744280,11.8693,6.4,2169
165,tt0096874,Back to the Future Part II,1989,108,40000000,332000000,13.6899,7.4,3926
167,tt0272152,K-PAX,2001,120,48000000,50315140,12.4002,7.1,710
168,tt0092007,Star Trek IV: The Voyage Home,1986,119,24000000,133000000,12.597,6.9,490
169,tt0100403,Predator 2,1990,108,35000000,57120318,11.7362,6,743
170,tt0289043,28 Days Later,2002,113,5000000,82719885,17.657,7.1,1816
172,tt0098382,Star Trek V: The Final Frontier,1989,107,30000000,70200000,12.308,5.6,384
174,tt0102975,Star Trek VI: The Undiscovered Country,1991,113,27000000,96900000,5.90057,6.7,421
176,tt0387564,Saw,2004,103,1200000,103911669,23.5084,7.2,2255
177,tt0101889,The Fisher King,1991,137,24000000,41895491,11.1844,7.2,346
179,tt0373926,The Interpreter,2005,128,80000000,162944923,12.0477,6.2,400
180,tt0181689,Minority Report,2002,145,102000000,358372926,20.6661,7.1,2663
182,tt0452624,The Good German,2006,108,32000000,5914908,5.29083,5.9,87
183,tt0098663,The Wizard,1989,100,6000000,14278900,5.76395,6.1,83
184,tt0119396,Jackie Brown,1997,154,12000000,39673162,16.4155,7.3,1580
186,tt0425210,Lucky Number Slevin,2006,110,27000000,56308881,11.1509,7.4,1356
187,tt0401792,Sin City,2005,124,40000000,158733820,15.0105,7.2,2755
189,tt0458481,Sin City: A Dame to Kill For,2014,102,65000000,39407616,20.6236,6.3,1314
192,tt0091605,The Name of the Rose,1986,130,20000000,77200000,11.4698,7.2,739
193,tt0111280,Star Trek: Generations,1994,118,38000000,120000000,8.10571,6.4,461
194,tt0211915,Amélie,2001,122,10000000,173921954,12.8794,7.8,3403
196,tt0099088,Back to the Future Part III,1990,118,40000000,244527583,13.044,7.1,2978
197,tt0112573,Braveheart,1995,177,72000000,210000000,20.7551,7.7,3404
199,tt0117731,Star Trek: First Contact,1996,111,46000000,150000000,8.8085,7,671
200,tt0120844,Star Trek: Insurrection,1998,103,70000000,118000000,9.53888,6.3,402
201,tt0253754,Star Trek: Nemesis,2002,117,60000000,67312826,11.3678,6.1,488
205,tt0395169,Hotel Rwanda,2004,121,17500000,38000000,10.2623,7.5,805
207,tt0097165,Dead Poets Society,1989,129,16400000,235860116,19.9057,8.1,2786
214,tt0489270,Saw III,2006,108,10000000,163876815,14.938,6.1,1104
215,tt0432348,Saw II,2005,92,4000000,152925093,15.3999,6.3,1288
217,tt0367882,Indiana Jones and the Kingdom of the Crystal Skull,2008,122,185000000,786636033,12.5773,5.7,2558
218,tt0088247,The Terminator,1984,108,6400000,78371200,19.2936,7.4,4208
219,tt0441909,Volver,2006,121,12899867,85582407,6.30293,7.3,419
226,tt0171804,Boys Don't Cry,1999,118,2000000,11540607,6.53601,7.2,360
227,tt0086066,The Outsiders,1983,91,10000000,33697647,6.43593,6.9,293
231,tt0365737,Syriana,2005,128,50000000,94000000,5.76858,6.3,455
232,tt0086216,Rumble Fish,1983,94,10000000,2494480,8.20519,6.8,141
235,tt0092005,Stand by Me,1986,89,8000000,52287414,15.207,7.8,1568
236,tt0110598,Muriel's Wedding,1994,106,3000000,15119639,5.25485,6.9,104
237,tt0289635,Young Adam,2003,93,6400000,2500000,5.23542,5.9,46
241,tt0110632,Natural Born Killers,1994,119,34000000,50282766,11.2269,6.9,927
242,tt0099674,The Godfather: Part III,1990,162,54000000,136766062,17.1853,7.1,1589
243,tt0146882,High Fidelity,2000,113,30000000,47126295,8.52496,7,636
245,tt0276751,About a Boy,2002,101,27000000,129000000,10.9567,6.6,627
251,tt0099653,Ghost,1990,127,22000000,505000000,11.9454,6.9,1381
254,tt0360717,King Kong,2005,187,207000000,550000000,19.7612,6.6,2403
257,tt0380599,Oliver Twist,2005,130,50000000,42093706,12.3699,6.7,283
268,tt0096895,Batman,1989,126,35000000,411348924,19.1067,7,2145
272,tt0372784,Batman Begins,2005,140,150000000,374218673,28.5053,7.5,7511
274,tt0102926,The Silence of the Lambs,1991,119,19000000,272742922,4.30722,8.1,4549
275,tt0116282,Fargo,1996,98,7000000,60611975,12.6147,7.7,2080
277,tt0320691,Underworld,2003,121,22000000,95708457,20.6243,6.6,2556
278,tt0111161,The Shawshank Redemption,1994,142,25000000,28341469,51.6454,8.5,8358
279,tt0086879,Amadeus,1984,160,18000000,51973029,12.6776,7.8,1107
280,tt0103064,Terminator 2: Judgment Day,1991,137,100000000,520000000,22.6617,7.7,4274
281,tt0114558,Strange Days,1995,145,42000000,7959291,11.2231,6.8,334
285,tt0449088,Pirates of the Caribbean: At World's End,2007,169,300000000,961000000,31.3637,6.9,4627
287,tt0094812,Bull Durham,1988,108,7000000,50888000,6.92407,6.6,154
290,tt0101410,Barton Fink,1991,116,9000000,6153939,8.38703,7.4,450
291,tt0389326,Riding Giants,2004,105,2600000,3166000,2.20395,7.6,23
292,tt0425598,Dave Chappelle's Block Party,2005,100,3000000,11718595,2.09279,6.5,29
294,tt0089015,Desert Hearts,1985,96,350000,2400000,1.55311,6.7,21
296,tt0181852,Terminator 3: Rise of the Machines,2003,109,200000000,435000000,20.8189,5.9,2177
297,tt0119643,Meet Joe Black,1998,178,90000000,142940100,14.0267,6.9,1174
298,tt0496806,Ocean's Thirteen,2007,122,85000000,311312624,12.1628,6.5,2040
300,tt0354899,The Science of Sleep,2006,105,6000000,9524340,10.604,6.8,253
302,tt0324133,Swimming Pool,2003,102,7800000,22441323,14.4811,6.5,154
306,tt0109254,Beverly Hills Cop III,1994,104,50000000,119208989,11.7878,5.5,445
308,tt0412019,Broken Flowers,2005,105,10000000,45742101,6.5893,6.8,359
310,tt0315327,Bruce Almighty,2003,101,80000000,484572835,15.9475,6.4,3121
313,tt0448124,Snow Cake,2006,112,12000000,1381665,11.5561,7.3,51
314,tt0327554,Catwoman,2004,104,100000000,82102379,13.3403,4.2,833
319,tt0108399,True Romance,1993,120,12500000,12281551,17.1893,7.5,762
320,tt0278504,Insomnia,2002,118,46000000,113714830,11.425,6.8,1181
321,tt0330602,Mambo Italiano,2003,92,4361898,3031801,2.87336,5.6,28
322,tt0327056,Mystic River,2003,138,25000000,156822020,12.6024,7.6,1473
326,tt0417148,Snakes on a Plane,2006,105,33000000,62022014,7.41857,5.1,504
327,tt0222851,Brother,2000,114,12000000,15250000,8.13452,6.8,107
329,tt0107290,Jurassic Park,1993,127,63000000,920100000,8.86378,7.6,4956
330,tt0119567,The Lost World: Jurassic Park,1997,129,73000000,229074524,0.788123,6.2,2528
331,tt0163025,Jurassic Park III,2001,92,93000000,368780809,0.648867,5.7,2109
334,tt0175880,Magnolia,1999,188,37000000,48451803,9.09164,7.5,844
338,tt0301357,"Good bye, Lenin!",2003,121,4800000,79384880,10.6056,7.4,602
339,tt0102536,Night on Earth,1991,129,3500000,2015810,8.29189,7.5,165
340,tt0404030,Everything is Illuminated,2005,106,7000000,2697930,7.73892,7.4,251
345,tt0120663,Eyes Wide Shut,1999,159,65000000,162091208,13.2685,7.1,1266
350,tt0458352,The Devil Wears Prada,2006,109,35000000,326551094,13.1024,7,3198
364,tt0103776,Batman Returns,1992,126,80000000,280000000,15.0017,6.6,1706
377,tt0087800,A Nightmare on Elm Street,1984,91,1800000,25504513,13.6947,7.2,1212
378,tt0093822,Raising Arizona,1987,94,6000000,29180280,14.0114,7.2,548
379,tt0100150,Miller's Crossing,1990,115,14000000,5080409,7.49585,7.5,431
387,tt0082096,Das Boot,1981,149,14000000,85000000,8.80338,7.9,623
388,tt0454848,Inside Man,2006,129,45000000,184376254,13.3935,7.3,1671
392,tt0241303,Chocolat,2000,121,25000000,152500343,8.9256,6.8,979
393,tt0378194,Kill Bill: Vol. 2,2004,136,30000000,152159461,21.5331,7.7,4061
395,tt0370263,AVP: Alien vs. Predator,2004,101,70000000,171183863,12.6362,5.6,1241
398,tt0379725,Capote,2005,114,7000000,49084830,6.01272,6.9,394
400,tt0114660,Things to Do in Denver When You're Dead,1995,116,8000000,529766,4.48618,6.7,87
401,tt0333766,Garden State,2004,102,2500000,26781723,11.6308,7.1,631
402,tt0103772,Basic Instinct,1992,127,49000000,352927224,16.6284,6.5,869
403,tt0097239,Driving Miss Daisy,1989,99,7500000,145793296,10.7037,7,358
409,tt0116209,The English Patient,1996,162,27000000,231976425,15.5642,7,559
411,tt0363771,"The Chronicles of Narnia: The Lion, the Witch and the Wardrobe",2005,143,180000000,748806957,18.1354,6.7,2709
414,tt0112462,Batman Forever,1995,121,100000000,336529144,13.3214,5.2,1529
415,tt0118688,Batman & Robin,1997,125,125000000,238207122,17.0388,4.2,1447
421,tt0362270,The Life Aquatic with Steve Zissou,2004,119,50000000,34808403,6.93668,7.1,781
423,tt0253474,The Pianist,2002,150,35000000,120072577,14.8116,8.1,1927
424,tt0108052,Schindler's List,1993,195,22000000,321365567,41.7251,8.3,4436
425,tt0268380,Ice Age,2002,81,59000000,383257136,17.3289,7.1,3954
431,tt0123755,Cube,1997,90,250000,501818,12.0953,6.9,1101
435,tt0319262,The Day After Tomorrow,2004,124,125000000,544272402,15.0497,6.2,2462
440,tt0758730,Aliens vs Predator: Requiem,2007,94,40000000,41797066,10.7933,4.9,758
441,tt0219822,Human Nature,2001,96,6000000,705308,7.71409,6.1,74
442,tt0314524,Popular Music,2004,100,2224000,28000000,0.988777,6,17
451,tt0113627,Leaving Las Vegas,1995,112,3600000,49800000,10.332,7.1,365
452,tt0154421,The Idiots,1998,117,2500000,7235,9.17422,6.7,107
453,tt0268978,A Beautiful Mind,2001,135,60000000,313542341,11.9365,7.7,3087
454,tt0117509,Romeo + Juliet,1996,120,14500000,147298761,11.7741,6.7,1406
455,tt0286499,Bend It Like Beckham,2002,112,3500159,76578641,6.26268,6.2,593
462,tt0195685,Erin Brockovich,2000,131,52000000,256271286,10.1354,7.1,730
470,tt0315733,21 Grams,2003,124,20000000,60427839,6.37228,7.2,943
473,tt0138704,Pi,1998,84,60000,3221152,10.6214,7.1,600
476,tt0097240,Drugstore Cowboy,1989,100,2500000,4729352,8.02611,7,117
479,tt0162650,Shaft,2000,99,46000000,107196498,7.42002,5.5,316
483,tt0100935,Wild at Heart,1990,124,9500000,14560247,8.52862,7,341
489,tt0119217,Good Will Hunting,1997,126,10000000,225933435,15.0648,7.9,2880
492,tt0120601,Being John Malkovich,1999,112,13000000,22863596,11.4163,7.3,1124
496,tt0443453,Borat: Cultural Learnings of America for Make Benefit Glorious Nation of Kazakhstan,2006,82,18000000,261572744,8.27834,6.5,1617
497,tt0120689,The Green Mile,1999,189,60000000,284600000,19.9668,8.2,4166
500,tt0105236,Reservoir Dogs,1992,99,1200000,14661007,12.2203,8.1,3821
503,tt0409182,Poseidon,2006,99,160000000,181674817,6.58167,5.5,594
504,tt0340855,Monster,2003,110,8000000,60378584,7.18902,7,500
505,tt0097626,Johnny Handsome,1989,94,20000000,7237794,9.05946,6.1,49
507,tt0110265,Killing Zoe,1993,96,1500000,418961,4.94857,6.1,111
508,tt0314331,Love Actually,2003,135,40000000,244931766,10.5868,7,1917
509,tt0125439,Notting Hill,1999,124,42000000,363889678,9.87404,7,1309
512,tt0457513,Scoop,2006,96,4000000,31584901,8.16339,6.4,435
522,tt0109707,Ed Wood,1994,127,18000000,5887457,11.7204,7.3,639
524,tt0112641,Casino,1995,178,52000000,116112375,10.1374,7.8,1343
525,tt0080455,The Blues Brothers,1980,133,27000000,115229890,10.0769,7.5,1092
526,tt0089457,Ladyhawke,1985,121,20000000,18432000,8.15759,6.8,264
533,tt0312004,The Curse of the Were-Rabbit,2005,85,30000000,192452832,11.7662,6.8,660
534,tt0438488,Terminator Salvation,2009,115,200000000,371353001,16.5075,5.9,2496
535,tt0085549,Flashdance,1983,95,4000000,92921203,9.88896,6.1,313
544,tt0129387,There's Something About Mary,1998,119,23000000,369884651,11.689,6.5,1616
546,tt0407265,Transamerica,2005,103,1000000,13350369,7.3982,6.9,149
547,tt0119314,The Horse Whisperer,1998,170,60000000,186883563,7.68555,6.7,296
549,tt0115632,Basquiat,1996,108,2962051,3011195,4.79767,6.6,97
550,tt0137523,Fight Club,1999,139,63000000,100853753,63.8696,8.3,9678
553,tt0276919,Dogville,2003,178,10000000,16680836,9.80859,7.6,619
558,tt0316654,Spider-Man 2,2004,127,200000000,783766341,10.8345,6.7,4432
559,tt0413300,Spider-Man 3,2007,139,258000000,890871626,27.6143,5.9,3687
561,tt0360486,Constantine,2005,121,100000000,230884728,9.61569,6.6,1837
562,tt0095016,Die Hard,1988,131,28000000,140767956,16.6405,7.5,4005
563,tt0120201,Starship Troopers,1997,129,105000000,121214377,14.4126,6.7,1584
564,tt0120616,The Mummy,1999,124,80000000,415885488,23.9841,6.6,2796
565,tt0298130,The Ring,2002,115,48000000,249348933,13.741,6.5,1720
568,tt0112384,Apollo 13,1995,140,52000000,355237933,18.7615,7.3,1637
577,tt0114681,To Die For,1995,106,20000000,21284514,10.4485,6.7,177
580,tt0093300,Jaws: The Revenge,1987,89,23000000,51881013,9.32799,3.5,227
581,tt0099348,Dances with Wolves,1990,181,22000000,424208848,11.6543,7.6,1084
582,tt0405094,The Lives of Others,2006,137,2000000,70000000,9.02255,7.9,977
584,tt0322259,2 Fast 2 Furious,2003,107,76000000,236350661,2.32462,6.2,2087
585,tt0198781,"Monsters, Inc.",2001,92,115000000,562816256,26.42,7.5,6150
586,tt0120885,Wag the Dog,1997,97,15000000,64256513,7.60365,6.7,273
587,tt0319061,Big Fish,2003,125,70000000,122919055,14.74,7.6,2064
588,tt0384537,Silent Hill,2006,125,50000000,97607453,7.93846,6.3,1093
590,tt0274558,The Hours,2002,114,25000000,41597830,14.6865,7,461
591,tt0382625,The Da Vinci Code,2006,149,125000000,767820459,18.5667,6.5,2773
594,tt0362227,The Terminal,2004,128,60000000,219417255,14.0924,7.1,1974
597,tt0120338,Titanic,1997,194,200000000,1845034188,26.8891,7.5,7770
598,tt0317248,City of God,2002,130,3300000,30641770,14.9593,8.2,1852
600,tt0093058,Full Metal Jacket,1987,116,17000000,46357676,13.9415,7.9,2595
601,tt0083866,E.T. the Extra-Terrestrial,1982,115,10500000,792965326,19.3585,7.3,3359
602,tt0116629,Independence Day,1996,145,75000000,816969268,17.6342,6.7,3334
603,tt0133093,The Matrix,1999,136,63000000,463517383,33.3663,7.9,9079
604,tt0234215,The Matrix Reloaded,2003,138,150000000,738599701,16.2293,6.7,3500
605,tt0242653,The Matrix Revolutions,2003,129,150000000,424988211,15.3682,6.4,3155
606,tt0089755,Out of Africa,1985,161,31000000,128499205,14.0041,7,290
607,tt0119654,Men in Black,1997,98,90000000,589390539,15.781,6.9,4521
608,tt0120912,Men in Black II,2002,88,140000000,441818803,16.7757,6.1,3188
609,tt0084516,Poltergeist,1982,114,10700000,122200000,11.7763,7.1,811
612,tt0408306,Munich,2005,164,70000000,130358911,9.66876,7,706
613,tt0363163,Downfall,2004,156,18339750,92180910,7.69224,7.7,1059
615,tt0335345,The Passion of the Christ,2004,127,30000000,611899420,13.1942,6.9,888
616,tt0325710,The Last Samurai,2003,154,140000000,456758981,19.5823,7.3,1946
617,tt0120890,Wild Things,1998,108,20000000,67200000,13.9246,6.3,454
619,tt0103855,The Bodyguard,1992,129,25000000,411006740,9.80502,6.2,681
620,tt0087332,Ghostbusters,1984,107,30000000,295212467,22.0897,7.3,2431
623,tt0095159,A Fish Called Wanda,1988,108,7500000,62493712,11.4004,7.1,576
625,tt0087553,The Killing Fields,1984,141,14400000,34700291,11.4604,7.5,180
627,tt0117951,Trainspotting,1996,93,4000000,16491080,19.3485,7.8,2737
628,tt0110148,Interview with the Vampire,1994,123,60000000,223664608,11.9702,7.2,1558
629,tt0114814,The Usual Suspects,1995,106,6000000,23341568,16.3025,8.1,3334
634,tt0243155,Bridget Jones's Diary,2001,97,25000000,281929795,10.7805,6.6,1397
635,tt0092563,Angel Heart,1987,113,17000000,17185632,7.29087,7,326
637,tt0118799,Life Is Beautiful,1997,116,20000000,229400000,39.395,8.3,3643
638,tt0116922,Lost Highway,1997,134,15000000,3675201,8.44972,7.5,572
639,tt0098635,When Harry Met Sally...,1989,96,16000000,92823546,8.34322,7.3,974
640,tt0264464,Catch Me If You Can,2002,141,52000000,352114312,19.8331,7.7,3917
641,tt0180093,Requiem for a Dream,2000,102,4500000,7390108,6.87483,7.9,2525
644,tt0212720,A.I. Artificial Intelligence,2001,146,100000000,235926552,13.2494,6.8,2011
650,tt0101507,Boyz n the Hood,1991,112,6500000,57504069,6.86651,7.4,377
652,tt0332452,Troy,2004,163,175000000,497409852,15.3873,6.9,2841
655,tt0087884,"Paris, Texas",1984,147,1746964,2181987,11.6358,7.7,282
663,tt0890870,Saw IV,2007,93,10000000,139352633,12.2339,5.9,938
664,tt0117998,Twister,1996,113,92000000,494471524,8.73914,6.1,966
666,tt0140888,Central Station,1998,113,2900000,5596708,4.91972,7.6,132
670,tt0364569,Oldboy,2003,120,3000000,14980005,10.6169,8,2000
671,tt0241527,Harry Potter and the Philosopher's Stone,2001,152,125000000,976475550,38.1872,7.5,7188
672,tt0295297,Harry Potter and the Chamber of Secrets,2002,161,100000000,876688482,29.7415,7.4,5966
673,tt0304141,Harry Potter and the Prisoner of Azkaban,2004,141,130000000,789804554,28.4603,7.7,6037
674,tt0330373,Harry Potter and the Goblet of Fire,2005,157,150000000,895921036,24.9031,7.5,5758
675,tt0373889,Harry Potter and the Order of the Phoenix,2007,138,150000000,938212738,21.3643,7.4,5633
676,tt0213149,Pearl Harbor,2001,183,140000000,449220945,11.4194,6.6,1833
679,tt0090605,Aliens,1986,137,18500000,183316455,21.7612,7.7,3282
680,tt0110912,Pulp Fiction,1994,154,8000000,213928762,140.95,8.3,8670
687,tt0112818,Dead Man Walking,1995,122,11000000,39363635,6.89132,7.3,350
688,tt0112579,The Bridges of Madison County,1995,135,24000000,182016617,5.95108,7.3,397
693,tt0290002,Meet the Fockers,2004,115,80000000,516642939,11.8764,6.1,1412
694,tt0081505,The Shining,1980,144,19000000,44017374,19.6116,8.1,3890
699,tt0082398,For Your Eyes Only,1981,127,28000000,195312802,9.76512,6.3,497
700,tt0086034,Octopussy,1983,131,27500000,187500000,10.6193,6.2,534
707,tt0090264,A View to a Kill,1985,131,30000000,152427960,12.8408,6,515
708,tt0093428,The Living Daylights,1987,130,40000000,191185897,12.189,6.2,447
709,tt0097742,Licence to Kill,1989,133,32000000,156167015,11.1379,5.9,549
710,tt0113189,GoldenEye,1995,130,58000000,352194034,14.686,6.6,1194
711,tt0181536,Finding Forrester,2000,136,43000000,80049764,10.5363,7,305
712,tt0109831,Four Weddings and a Funeral,1994,117,6000000,254700832,8.99035,6.6,654
713,tt0107822,The Piano,1993,121,7000000,116700000,7.43676,7.1,290
714,tt0120347,Tomorrow Never Dies,1997,119,110000000,333011068,17.1596,6,941
744,tt0092099,Top Gun,1986,110,15000000,356830601,20.301,6.7,1736
745,tt0167404,The Sixth Sense,1999,107,40000000,672806292,18.4492,7.7,3223
746,tt0093389,The Last Emperor,1987,163,23000000,43984230,11.077,7.4,362
747,tt0365748,Shaun of the Dead,2004,99,4000000,30039392,14.9029,7.5,2479
752,tt0434409,V for Vendetta,2006,132,54000000,132511035,20.2144,7.7,4562
754,tt0119094,Face/Off,1997,138,80000000,245676146,11.4674,6.8,1612
755,tt0116367,From Dusk Till Dawn,1996,108,19000000,25836616,15.3392,6.9,1644
763,tt0103873,Braindead,1992,104,3000000,242623,13.6456,7.4,388
764,tt0083907,The Evil Dead,1981,85,350000,29400000,10.4217,7.3,913
765,tt0092991,Evil Dead II,1987,84,3600000,5923044,13.5208,7.5,760
767,tt0417741,Harry Potter and the Half-Blood Prince,2009,153,250000000,933959197,19.0837,7.4,5435
768,tt0120681,From Hell,2001,122,35000000,74558115,7.79014,6.6,758
769,tt0099685,GoodFellas,1990,145,25000000,46836394,15.4241,8.2,3211
771,tt0099785,Home Alone,1990,103,18000000,476684675,0.702543,7.1,2487
772,tt0104431,Home Alone 2: Lost in New York,1992,120,18000000,358991681,13.2937,6.3,2459
773,tt0449059,Little Miss Sunshine,2006,102,8000000,100523181,5.32012,7.5,1728
782,tt0119177,Gattaca,1997,106,36000000,12532777,12.8931,7.5,1846
783,tt0083987,Gandhi,1982,191,22000000,77737889,12.3838,7.4,730
786,tt0181875,Almost Famous,2000,122,60000000,47383689,9.0867,7.4,807
787,tt0356910,Mr. & Mrs. Smith,2005,120,110000000,478207520,15.7244,6.5,3048
788,tt0107614,Mrs. Doubtfire,1993,125,25000000,441286195,11.1655,7,1638
790,tt0080749,The Fog,1980,89,1000000,21378361,9.19457,6.4,318
791,tt0432291,The Fog,2005,100,18000000,46201432,9.92981,3.8,191
792,tt0091763,Platoon,1986,120,6000000,138530565,18.207,7.5,1236
793,tt0090756,Blue Velvet,1986,120,6000000,8551228,7.88225,7.7,758
795,tt0120632,City of Angels,1998,114,55000000,198685114,8.22822,6.5,537
796,tt0139134,Cruel Intentions,1999,97,10500000,75902208,8.18106,6.6,848
801,tt0093105,"Good Morning, Vietnam",1987,121,13000000,123922370,9.02328,7.1,658
806,tt0466909,The Omen,2006,110,25000000,119188334,5.67068,5.3,287
807,tt0114369,Se7en,1995,127,33000000,327311859,18.4574,8.1,5915
808,tt0126029,Shrek,2001,90,60000000,484409218,17.9877,7.3,4183
809,tt0298148,Shrek 2,2004,93,150000000,919838758,16.2299,6.7,3082
810,tt0413267,Shrek the Third,2007,93,160000000,798958165,14.0725,6,2355
812,tt0103639,Aladdin,1992,90,28000000,504050219,16.3574,7.4,3495
813,tt0080339,Airplane!,1980,88,3500000,83453539,13.0632,7.1,1104
814,tt0082010,An American Werewolf in London,1981,97,10000000,31973249,13.3908,7.2,571
816,tt0118655,Austin Powers: International Man of Mystery,1997,94,16500000,67683989,11.7492,6.5,1033
818,tt0295178,Austin Powers in Goldmember,2002,94,63000000,296655431,8.78665,5.9,997
819,tt0117665,Sleepers,1996,147,44000000,165615285,9.19828,7.3,729
820,tt0102138,JFK,1991,189,40000000,205405498,13.8131,7.5,513
824,tt0203009,Moulin Rouge!,2001,127,52500000,179213434,13.6918,7.4,1348
825,tt0145734,Playing by Heart,1998,121,20000000,3970078,3.01009,6.6,49
834,tt0401855,Underworld: Evolution,2006,106,50000000,111340801,12.4968,6.4,1548
837,tt0086541,Videodrome,1983,87,5952000,2120439,7.94504,7.1,464
841,tt0087182,Dune,1984,137,40000000,30925690,9.26119,6.5,576
846,tt0120902,The X Files,1998,121,66000000,189198313,12.3116,6.6,494
847,tt0096446,Willow,1988,126,35000000,57269863,9.91831,6.9,484
848,tt0082288,Dragonslayer,1981,108,18000000,14110013,3.3832,6.5,69
849,tt0085811,Krull,1983,117,27000000,16519460,9.84867,5.8,130
853,tt0215750,Enemy at the Gates,2001,131,68000000,96976270,10.7048,7.2,1023
854,tt0110475,The Mask,1994,101,23000000,351583407,14.1349,6.6,2550
855,tt0265086,Black Hawk Down,2001,144,92000000,172989651,10.0644,7.2,1832
856,tt0096438,Who Framed Roger Rabbit,1988,104,70000000,329803958,16.786,7.2,1466
857,tt0120815,Saving Private Ryan,1998,169,70000000,481840909,21.7581,7.9,5148
858,tt0108160,Sleepless in Seattle,1993,105,21000000,227799884,10.2349,6.5,630
859,tt0094947,Dangerous Liaisons,1988,119,14000000,34670720,11.4678,7.1,267
860,tt0086567,WarGames,1983,114,12000000,79567667,8.32165,7,517
861,tt0100802,Total Recall,1990,113,65000000,261317921,12.9544,7.1,1745
862,tt0114709,Toy Story,1995,81,30000000,373554033,21.9469,7.7,5415
864,tt0106611,Cool Runnings,1993,98,14000000,154864401,8.30721,6.8,510
865,tt0093894,The Running Man,1987,101,27000000,38122105,9.38998,6.4,713
866,tt0308644,Finding Neverland,2004,106,25000000,116766556,15.5296,7.2,1269
867,tt0108162,Sliver,1993,108,40000000,116300000,11.233,4.9,144
868,tt0468565,Tsotsi,2005,94,3000000,9879971,6.0812,6.9,96
869,tt0133152,Planet of the Apes,2001,119,100000000,362211740,17.3198,5.6,1270
873,tt0088939,The Color Purple,1985,154,15000000,146292009,11.5736,7.7,345
879,tt0102057,Hook,1991,144,70000000,300854823,14.5081,6.7,1563
881,tt0104257,A Few Good Men,1992,138,40000000,243240178,12.3302,7.1,899
888,tt0109813,The Flintstones,1994,91,46000000,341631208,15.0196,5,559
889,tt0158622,The Flintstones in Viva Rock Vegas,2000,90,83000000,59468275,6.0536,4.4,140
892,tt0101700,Delicatessen,1991,99,4000000,1794187,12.5654,7.4,320
902,tt0112682,The City of Lost Children,1995,108,18000000,1738611,9.82242,7.6,308
913,tt0155267,The Thomas Crown Affair,1999,113,48000000,124305181,10.9612,6.7,349
918,tt0092666,Blind Date,1987,95,18000000,39321715,6.69629,5.6,115
920,tt0317219,Cars,2006,117,120000000,461983149,18.9079,6.6,3991
921,tt0352248,Cinderella Man,2005,144,88000000,108539911,6.36388,7.3,630
924,tt0363547,Dawn of the Dead,2004,101,28000000,102356381,13.1579,6.8,1039
925,tt0097216,Do the Right Thing,1989,120,6500000,37295445,10.4654,7.6,301
926,tt0177789,Galaxy Quest,1999,102,45000000,90683916,15.8314,6.9,722
927,tt0087363,Gremlins,1984,106,11000000,153083102,11.3331,6.9,1629
928,tt0099700,Gremlins 2: The New Batch,1990,106,50000000,41482207,14.3832,6.3,664
929,tt0120685,Godzilla,1998,139,130000000,379014294,11.2951,5.3,1075
941,tt0093409,Lethal Weapon,1987,110,15000000,120207127,13.1838,7,1367
942,tt0097733,Lethal Weapon 2,1989,114,25000000,227853986,12.8343,6.7,1066
943,tt0104714,Lethal Weapon 3,1992,118,35000000,321731527,10.786,6.4,824
944,tt0122151,Lethal Weapon 4,1998,127,140000000,285444603,14.4706,6.3,782
949,tt0113277,Heat,1995,170,60000000,187436818,17.9249,7.7,1886
950,tt0438097,Ice Age: The Meltdown,2006,91,80000000,660940780,16.646,6.5,3034
951,tt0099938,Kindergarten Cop,1990,111,15000000,201957688,3.67003,5.8,643
953,tt0351283,Madagascar,2005,86,75000000,532680671,16.1362,6.6,3322
954,tt0117060,Mission: Impossible,1996,110,80000000,457696359,15.7935,6.7,2677
955,tt0120755,Mission: Impossible II,2000,123,125000000,546388105,18.9718,5.9,1966
956,tt0317919,Mission: Impossible III,2006,126,150000000,397850012,15.688,6.5,2062
957,tt0094012,Spaceballs,1987,96,22700000,38119483,9.10373,6.7,924
1018,tt0166924,Mulholland Drive,2001,147,15000000,20117339,18.1841,7.7,1517
1024,tt0110005,Heavenly Creatures,1994,99,5000000,3049135,9.43804,6.9,299
1088,tt0298228,Whale Rider,2003,101,8000000,41400000,11.0402,7.1,114
1089,tt0102685,Point Break,1991,120,24000000,83531958,11.4531,6.9,861
1090,tt0139809,The Thirteenth Floor,1999,100,16000000,18564088,9.35659,6.8,381
1091,tt0084787,The Thing,1982,109,15000000,19629760,16.8312,7.8,1629
1103,tt0082340,Escape from New York,1981,99,6000000,50244700,10.1245,6.9,720
1116,tt0460989,The Wind That Shakes the Barley,2006,124,6500000,22889018,6.75252,7.1,155
1124,tt0482571,The Prestige,2006,130,40000000,109676311,16.9456,8,4510
1125,tt0443489,Dreamgirls,2006,134,70000000,154937680,7.73963,6.6,292
1164,tt0449467,Babel,2006,143,25000000,135330182,12.6085,6.9,1083
1165,tt0436697,The Queen,2006,103,15000000,123384128,7.90437,6.8,344
1213,tt0134119,The Talented Mr. Ripley,1999,139,40000000,128798265,11.655,7.1,790
1245,tt0107943,The Remains of the Day,1993,134,11500000,23237911,12.2226,7.5,213
1246,tt0479143,Rocky Balboa,2006,102,24000000,155721132,11.6976,6.5,858
1247,tt0343737,The Good Shepherd,2006,167,85000000,59908565,11.0575,6.3,342
1248,tt0367959,Hannibal Rising,2007,121,50000000,82169884,2.15956,6,666
1250,tt0259324,Ghost Rider,2007,114,110000000,228738393,11.9024,5.2,1754
1251,tt0498380,Letters from Iwo Jima,2006,141,19000000,68673228,11.6496,7.2,553
1255,tt0468492,The Host,2006,119,11000000,88489643,9.38692,6.7,546
1259,tt0465551,Notes on a Scandal,2006,92,15000000,49469904,8.59309,6.9,239
1262,tt0420223,Stranger Than Fiction,2006,113,30000000,53653224,10.7981,7.1,743
1265,tt0398808,Bridge to Terabithia,2007,96,60000000,137587063,8.46021,7,1146
1266,tt0421073,Street Kings,2008,109,20000000,65569869,13.2468,6.3,369
1267,tt0396555,Meet the Robinsons,2007,95,150000000,169332978,10.5296,6.7,787
1268,tt0453451,Mr. Bean's Holiday,2007,90,25000000,229736344,10.1985,6.1,682
1272,tt0448134,Sunshine,2007,107,50000000,32017803,12.7156,7,1210
1273,tt0453556,TMNT,2007,90,34000000,95608995,11.3584,6,349
1278,tt0309987,The Dreamers,2003,115,15000000,15121165,6.68598,7.2,680
1281,tt0118689,Bean,1997,85,18000000,251212670,12.7999,6.3,602
1359,tt0144084,American Psycho,2000,102,7000000,34266564,13.6867,7.3,2128
1360,tt0120679,Frida,2002,123,12000000,56298474,11.2835,7.3,397
1365,tt0285742,Monster's Ball,2001,111,4000000,44909486,6.34119,6.6,254
1368,tt0083944,First Blood,1982,93,15000000,125212904,14.7789,7.2,1523
1369,tt0089880,Rambo: First Blood Part II,1985,96,44000000,300400432,11.9245,6.3,884
1370,tt0095956,Rambo III,1988,102,63000000,189015611,11.6249,5.7,703
1371,tt0084602,Rocky III,1982,99,17000000,270000000,11.6734,6.6,894
1372,tt0450259,Blood Diamond,2006,143,100000000,170877916,12.4779,7.4,2344
1374,tt0089927,Rocky IV,1985,91,31000000,300473716,10.2572,6.6,984
1375,tt0100507,Rocky V,1990,104,42000000,119946358,14.0073,5.3,688
1378,tt0367027,Shortbus,2006,101,2000000,5179037,11.5477,6.3,141
1379,tt0458242,Lights in the Dusk,2006,78,1380000,1615018,2.32939,6.6,27
1381,tt0414993,The Fountain,2006,96,35000000,15304890,11.5771,6.8,852
1389,tt0120780,Out of Sight,1998,123,48000000,77745568,7.34981,6.5,338
1391,tt0245574,Y Tu Mamá También,2001,106,5000000,33616692,13.9625,7.3,321
1392,tt0388789,Born into Brothels,2004,85,350000,3515061,2.96237,6.7,61
1406,tt0101587,City Slickers,1991,112,27000000,179033791,7.33469,6.2,232
1408,tt0112760,Cutthroat Island,1995,119,98000000,10017322,7.28448,5.7,137
1411,tt0102757,The Rapture,1991,100,1227401,1277401,8.31963,6.4,15
1415,tt0320244,Party Monster,2003,98,5000000,742898,3.00784,5.9,60
1417,tt0457430,Pan's Labyrinth,2006,118,19000000,83258226,26.8178,7.6,3122
1422,tt0407887,The Departed,2006,151,90000000,289847354,18.5154,7.9,4455
1427,tt0396171,Perfume: The Story of a Murderer,2006,147,50000000,132180323,10.2973,7.1,1198
1428,tt0285823,Once Upon a Time in Mexico,2003,102,29000000,98185582,8.84336,6.2,605
1429,tt0307901,25th Hour,2002,135,15000000,13060843,10.2719,7.2,640
1430,tt0310793,Bowling for Columbine,2002,120,4000000,35564473,11.3939,7.3,467
1433,tt0256009,The Devil's Backbone,2001,106,4500000,6459020,11.1113,7.2,277
1440,tt0404203,Little Children,2006,136,26000000,14821658,7.31115,6.9,243
1441,tt0445946,The Contract,2006,96,25000000,5549200,5.61596,5.5,152
1443,tt0159097,The Virgin Suicides,1999,97,6000000,10409377,10.5054,7.1,841
1487,tt0167190,Hellboy,2004,122,66000000,99318987,13.2069,6.5,2278
1493,tt0212346,Miss Congeniality,2000,111,45000000,212000000,9.51076,6.1,987
1495,tt0320661,Kingdom of Heaven,2005,144,130000000,211643158,16.2965,6.6,1187
1496,tt0101615,Cool as Ice,1991,91,6000000,1193062,2.32949,4.7,27
1497,tt0103060,Teenage Mutant Ninja Turtles II: The Secret of the Ooze,1991,88,25000000,78000000,7.99427,5.8,290
1498,tt0100758,Teenage Mutant Ninja Turtles,1990,93,13500000,202000000,13.1846,6.5,486
1499,tt0108308,Teenage Mutant Ninja Turtles III,1993,96,21000000,42000000,8.13688,5.1,189
1523,tt0455590,The Last King of Scotland,2006,121,6000000,48027970,9.42416,7.4,568
1534,tt0446013,Pathfinder,2007,99,45000000,30822861,11.1015,5.4,173
1535,tt0266987,Spy Game,2001,126,92000000,143049560,18.1868,6.8,592
1537,tt0264472,Changing Lanes,2002,89,45000000,94935764,7.81862,5.9,306
1538,tt0369339,Collateral,2004,120,65000000,217764291,13.4551,7,1476
1541,tt0103074,Thelma & Louise,1991,130,16000000,45361000,14.7854,7.2,766
1542,tt0151804,Office Space,1999,89,10000000,12827813,12.3291,7.4,1068
1547,tt0093437,The Lost Boys,1987,97,8500000,32222567,9.09973,6.8,545
1551,tt0099582,Flatliners,1990,115,26000000,61489265,11.8901,6.3,413
1555,tt0283900,The Spanish Apartment,2002,122,5300000,3897799,5.94395,7,276
1562,tt0463854,28 Weeks Later,2007,100,15000000,64238440,12.8842,6.5,1225
1571,tt0337978,Live Free or Die Hard,2007,128,110000000,383531464,14.886,6.4,2122
1572,tt0112864,Die Hard: With a Vengeance,1995,128,90000000,366101666,15.1389,6.9,2094
1573,tt0099423,Die Hard 2,1990,124,70000000,240031094,18.786,6.6,1920
1574,tt0299658,Chicago,2002,113,45000000,306776732,13.3253,6.9,695
1577,tt0318627,Resident Evil: Apocalypse,2004,94,45000000,129394835,7.8508,6.1,1286
1578,tt0081398,Raging Bull,1980,129,18000000,23000000,8.86856,7.7,968
1579,tt0472043,Apocalypto,2006,139,40000000,120175290,7.73523,7.3,1252
1581,tt0457939,The Holiday,2006,136,85000000,194168700,14.0434,6.7,1259
1584,tt0332379,School of Rock,2003,108,35000000,131282949,17.9514,6.8,1454
1586,tt0363988,Secret Window,2004,96,40000000,92913171,9.52428,6.4,1007
1587,tt0108550,What's Eating Gilbert Grape,1993,118,11000000,10032765,10.3919,7.5,943
1588,tt0204946,Bring It On,2000,98,28000000,90449929,6.40289,5.8,574
1592,tt0117381,Primal Fear,1996,129,30000000,102616183,10.3262,7.4,644
1593,tt0477347,Night at the Museum,2006,108,110000000,574480841,16.662,6.4,2949
1597,tt0212338,Meet the Parents,2000,108,55000000,330444045,14.1783,6.6,1743
1598,tt0101540,Cape Fear,1991,128,35000000,182300000,10.3027,7,692
1619,tt0202677,The Way of the Gun,2000,119,8500000,19125401,6.03633,6.4,106
1620,tt0465494,Hitman,2007,89,24000000,99965753,13.7652,5.9,982
1621,tt0086465,Trading Places,1983,116,40600000,90400000,14.2851,7.1,763
1624,tt0119528,Liar Liar,1997,86,45000000,302710615,10.1025,6.4,1456
1630,tt0117318,The People vs. Larry Flynt,1996,129,36000000,20300385,9.17837,6.8,257
1632,tt0095647,Mississippi Burning,1988,128,15000000,34604000,13.9719,7.4,336
1633,tt0101921,Fried Green Tomatoes,1991,130,11000000,119418501,6.58425,7.6,298
1635,tt0399201,The Island,2005,136,126000000,162949164,11.4436,6.5,1813
1636,tt0230030,Bedazzled,2000,93,48000000,90383208,8.78159,5.6,526
1639,tt0120179,Speed 2: Cruise Control,1997,121,160000000,164508066,11.2685,4.1,439
1640,tt0375679,Crash,2004,112,6500000,98410061,9.78515,7.2,1172
1641,tt0141098,Forces of Nature,1999,105,75000000,93888180,7.90603,5.1,141
1642,tt0113957,The Net,1995,114,22000000,110627965,13.3043,5.6,359
1645,tt0117913,A Time to Kill,1996,149,40000000,152266007,13.309,7,522
1646,tt0463998,Freedom Writers,2007,123,21000000,41170784,13.5852,7.6,368
1648,tt0096928,Bill & Ted's Excellent Adventure,1989,90,10000000,40485039,15.1093,6.7,464
1656,tt0386140,The Legend of Zorro,2005,129,75000000,142400065,8.94001,5.9,909
1667,tt0428803,March of the Penguins,2005,80,8000000,127392239,9.43512,6.9,371
1669,tt0099810,The Hunt for Red October,1990,134,30000000,199200000,15.9113,7.2,971
1677,tt0350258,Ray,2004,152,40000000,124731534,10.6038,7.2,481
1683,tt0444682,The Reaping,2007,99,40000000,62771059,9.82584,5.4,209
1689,tt0107426,Little Buddha,1993,140,35000000,4858139,5.68152,6,76
1690,tt0450278,Hostel,2005,94,4800000,80578934,12.0939,5.7,913
1694,tt0089885,Re-Animator,1985,86,900000,2023414,9.86724,7,263
1713,tt0102175,Jungle Fever,1991,132,14000000,32482682,7.70192,6,71
1715,tt0124315,The Cider House Rules,1999,126,24000000,88545092,9.52678,6.9,285
1717,tt0405676,All the King's Men,2006,125,55000000,9450897,7.99117,5.7,95
1722,tt0238112,Captain Corelli's Mandolin,2001,131,57000000,62112895,9.24372,5.6,146
1724,tt0800080,The Incredible Hulk,2008,114,150000000,163712074,19.1255,6.1,3086
1726,tt0371746,Iron Man,2008,126,140000000,585174222,22.0731,7.4,8951
1729,tt0865556,The Forbidden Kingdom,2008,104,55000000,127906624,6.9976,6.3,476
1734,tt0209163,The Mummy Returns,2001,130,98000000,433013274,16.9457,6,2258
1735,tt0859163,The Mummy: Tomb of the Dragon Emperor,2008,112,145000000,401128639,14.2502,5.2,1418
1738,tt0435705,Next,2007,96,70000000,76066841,9.41746,5.9,880
1770,tt0117039,Michael Collins,1996,132,28000000,16900000,6.7282,6.8,98
1771,tt0458339,Captain America: The First Avenger,2011,124,140000000,370569774,19.3236,6.6,7174
1779,tt0098213,Roger & Me,1989,91,160000,6706368,4.87701,7.4,92
1781,tt0497116,An Inconvenient Truth,2006,100,1000000,46243000,6.68493,6.7,257
1788,tt0087277,Footloose,1984,107,8200000,80035402,10.404,6.4,525
1791,tt0254686,The Piano Teacher,2001,131,3000000,9801375,6.36308,7.2,197
1792,tt0338466,Stuck on You,2003,118,55000000,33828318,6.96675,5.1,194
1807,tt0363589,Elephant,2003,81,3000000,10012022,6.44731,7,410
1812,tt0162710,Trick,1999,89,450000,2049595,2.49329,6.7,24
1817,tt0183649,Phone Booth,2002,81,13000000,97837138,9.14277,6.7,1087
1819,tt0463034,"You, Me and Dupree",2006,108,54000000,130431368,8.57008,5.4,421
1824,tt0343660,50 First Dates,2004,99,75000000,196482882,11.1349,6.6,2161
1825,tt0093692,Over the Top,1987,93,25000000,16057580,8.43196,5.7,331
1826,tt0409184,Russian Dolls,2005,129,13000000,23727301,6.36134,6.8,156
1830,tt0399295,Lord of War,2005,122,42000000,24127895,8.74522,7,1356
1831,tt0156841,The Next Best Thing,2000,108,25000000,24362772,2.972,4.3,29
1832,tt0120655,Dogma,1999,130,10000000,30652890,8.55909,6.8,842
1833,tt0294870,Rent,2005,135,40000000,31670620,9.53028,6.7,159
1844,tt0137494,Entrapment,1999,112,66000000,212404396,10.6233,6,613
1850,tt0125664,Man on the Moon,1999,118,82000000,47434430,13.2174,6.9,444
1852,tt0469641,World Trade Center,2006,128,63000000,162945894,13.3321,5.9,461
1857,tt0092106,The Transformers: The Movie,1986,84,6000000,5849647,6.75918,7.1,134
1858,tt0418279,Transformers,2007,144,150000000,709709780,5.58771,6.6,4113
1865,tt1298650,Pirates of the Caribbean: On Stranger Tides,2011,136,380000000,1045713802,27.8877,6.4,5068
1878,tt0120669,Fear and Loathing in Las Vegas,1998,118,18500000,10680275,9.22035,7.2,1321
1880,tt0087985,Red Dawn,1984,114,4200000,38376497,8.23317,6.4,217
1883,tt0104797,Malcolm X,1992,202,34000000,48169908,14.207,7.3,377
1885,tt0087538,The Karate Kid,1984,126,8000000,90815558,7.64499,6.9,913
1887,tt0422720,Marie Antoinette,2006,123,40000000,60474340,8.85256,6.5,662
1891,tt0080684,The Empire Strikes Back,1980,124,18000000,538400000,19.471,8.2,5998
1892,tt0086190,Return of the Jedi,1983,135,32350000,572700000,14.5861,7.9,4763
1893,tt0120915,Star Wars: Episode I - The Phantom Menace,1999,136,115000000,924317558,15.6491,6.4,4526
1894,tt0121765,Star Wars: Episode II - Attack of the Clones,2002,142,120000000,649398328,14.0725,6.4,4074
1895,tt0121766,Star Wars: Episode III - Revenge of the Sith,2005,140,113000000,850000000,13.1654,7.1,4200
1900,tt0181865,Traffic,2000,147,48000000,207515725,8.33822,6.9,573
1902,tt0125659,Open Your Eyes,1997,117,2900000,368234,8.84296,7.4,211
1903,tt0259711,Vanilla Sky,2001,136,68000000,203388341,10.0711,6.5,1100
1904,tt0397535,Memoirs of a Geisha,2005,145,85000000,162242962,7.68076,7.3,670
1907,tt0163978,The Beach,2000,119,40000000,144056873,14.4303,6.3,1271
1909,tt0112883,Don Juan DeMarco,1994,97,25000000,22200000,7.43893,6.3,184
1911,tt0120657,The 13th Warrior,1999,102,160000000,61698899,10.308,6.4,524
1913,tt0369702,The Sea Inside,2004,125,12806000,38535221,14.6977,7.2,224
1921,tt0230838,Sweet November,2001,119,40000000,65754228,14.8403,6.4,292
1923,tt0105665,Twin Peaks: Fire Walk with Me,1992,134,10000000,4160851,8.73654,7.3,429
1927,tt0286716,Hulk,2003,138,137000000,245360480,15.4226,5.3,1571
1930,tt0948470,The Amazing Spider-Man,2012,136,215000000,752215857,31.1023,6.5,6734
1931,tt0775539,Stomp the Yard,2007,114,13000000,75511123,5.60751,6.1,90
1934,tt0138097,Shakespeare in Love,1998,122,25000000,289317794,13.8132,6.8,831
1945,tt0110638,Nell,1994,112,31000000,106683817,5.93096,6.1,128
1946,tt0120907,eXistenZ,1999,97,15000000,2856712,11.4461,6.7,487
1947,tt0350261,An Unfinished Life,2005,108,30000000,18618284,7.76195,6.7,165
1948,tt0479884,Crank,2006,88,12000000,42931041,12.6276,6.6,1172
1949,tt0443706,Zodiac,2007,157,65000000,84785914,19.0838,7.3,2080
1951,tt0342735,Manderlay,2005,139,14200000,674918,4.569,6.9,81
1954,tt0289879,The Butterfly Effect,2004,113,13000000,96060858,12.9949,7.3,2119
1955,tt0080678,The Elephant Man,1980,124,5000000,26010864,8.40567,7.9,740
1957,tt0278435,Enough,2002,114,38000000,51801187,6.68129,6.2,268
1961,tt0489235,My Name Is Bruce,2007,86,1500000,173066,8.70879,5.9,107
1965,tt0120787,A Perfect Murder,1998,107,60000000,128038368,9.43081,6.3,320
1966,tt0346491,Alexander,2004,175,155000000,167298192,13.4986,5.6,957
1969,tt0416496,Bandidas,2006,93,35000000,10496317,19.2948,5.8,319
1970,tt0391198,The Grudge,2004,92,10000000,183474602,9.74083,5.8,889
1975,tt0433386,The Grudge 2,2006,102,20000000,39143839,6.7688,5.3,288
1977,tt1053859,The Grudge 3,2009,90,5000000,38610009,10.5105,5.3,150
1979,tt0486576,Fantastic 4: Rise of the Silver Surfer,2007,92,130000000,289047763,12.9243,5.4,2648
1985,tt0387131,The Constant Gardener,2005,129,25000000,82466670,11.5565,6.9,428
1988,tt0829459,A Mighty Heart,2007,100,16000000,18928871,16.7702,6.7,97
1989,tt0765120,My Blueberry Nights,2007,111,10000000,21786738,11.1196,6.1,197
1991,tt1028528,Death Proof,2007,113,25000000,25037897,13.4121,6.7,1359
1995,tt0146316,Lara Croft: Tomb Raider,2001,100,115000000,274703340,15.8517,5.7,2235
1996,tt0325703,Lara Croft Tomb Raider: The Cradle of Life,2003,117,95000000,156505388,13.0763,5.5,1443
1997,tt0338512,Two Brothers,2004,109,74500000,62172050,5.3003,6.9,185
2001,tt0498399,We Own the Night,2007,117,21000000,54926886,7.57214,6.5,327
2005,tt0105417,Sister Act,1992,100,31000000,231605150,18.8307,6.5,713
2009,tt1032846,"4 Months, 3 Weeks and 2 Days",2007,113,852510,1185783,9.99041,7.4,158
2013,tt0401383,The Diving Bell and the Butterfly,2007,112,14000000,19777647,11.0903,7.5,290
2014,tt0880502,The Edge of Heaven,2007,122,3800000,17804565,10.083,6.6,68
2016,tt0444182,Days of Glory,2006,128,14500000,22963701,10.0215,6.7,96
2018,tt0209475,The Wedding Planner,2001,103,35000000,94728529,8.05602,5.4,433
2019,tt0107076,Hard Target,1993,97,18000000,74189677,7.83435,6.1,237
2020,tt0120596,The Bachelor,1999,101,51000000,36911617,5.06173,4.5,84
2022,tt0280590,Mr. Deeds,2002,96,50000000,171269535,6.67436,5.6,660
2023,tt0317648,Hidalgo,2004,136,100000000,108103450,8.14071,6.5,321
2024,tt0187393,The Patriot,2000,165,110000000,215294342,15.9608,6.8,1130
2026,tt0340163,Hostage,2005,113,52000000,77944725,9.68664,6.2,519
2034,tt0139654,Training Day,2001,122,45000000,104876233,13.6646,7.3,1665
2043,tt0164334,Along Came a Spider,2001,104,60000000,105178561,13.2141,6.1,408
2044,tt0410297,The Lake House,2006,99,40000000,114830111,12.589,6.5,689
2046,tt0219699,The Gift,2000,111,10000000,12008642,7.88693,6.4,288
2048,tt0343818,"I, Robot",2004,115,120000000,347234916,14.4307,6.7,3889
2055,tt0316356,Open Range,2003,139,22000000,68296293,16.5326,7,268
2056,tt0340377,The Station Agent,2003,88,500000,8679814,5.85469,7.4,213
2057,tt0218922,Original Sin,2001,118,42000000,35402320,9.97036,5.8,200
2059,tt0368891,National Treasure,2004,131,100000000,347451894,18.9322,6.4,1974
2062,tt0382932,Ratatouille,2007,111,150000000,623722818,20.508,7.5,4510
2064,tt0114924,While You Were Sleeping,1995,103,17000000,182057016,15.7836,6.5,340
2067,tt0183523,Mission to Mars,2000,114,90000000,60874615,9.02111,5.7,374
2069,tt0190138,The Whole Nine Yards,2000,98,41300000,106371651,12.0615,6.3,540
2071,tt0102900,Shattered,1991,98,22000000,11511031,6.85194,6.1,32
2074,tt0116324,Flirting with Disaster,1996,92,7000000,14702438,5.57909,6.3,66
2080,tt0458525,X-Men Origins: Wolverine,2009,107,150000000,373062864,1.45654,6.2,4086
2082,tt0373883,Halloween,2007,109,15000000,80253908,11.6077,5.9,510
2085,tt0165929,Romeo Must Die,2000,115,25000000,91036760,8.36918,6,334
2086,tt0113972,Nick of Time,1995,90,8169363,8175346,6.84859,6.1,190
2088,tt0107983,Romeo Is Bleeding,1993,100,11500000,3275585,9.79632,5.7,36
2099,tt0091828,Raw Deal,1986,106,8500000,16209459,9.2921,5.5,159
2100,tt0272020,The Last Castle,2001,131,72000000,27642707,9.80755,7,290
2103,tt0307479,Solaris,2002,99,47000000,30002758,10.6428,5.9,378
2105,tt0163651,American Pie,1999,95,11000000,235483004,18.3442,6.4,2358
2108,tt0088847,The Breakfast Club,1985,97,1000000,51525171,12.6277,7.8,2189
2109,tt0120812,Rush Hour,1998,98,33000000,244386864,11.8406,6.8,1254
2112,tt0120784,Payback,1999,100,90000000,161626121,9.11201,6.7,557
2114,tt0173840,Final Fantasy: The Spirits Within,2001,106,137000000,85131830,10.2239,5.9,441
2116,tt0313443,Out of Time,2003,105,50000000,55495563,10.7389,6.1,305
2118,tt0119488,L.A. Confidential,1997,138,35000000,126216940,10.9894,7.7,1340
2119,tt0099371,Days of Thunder,1990,107,60000000,157920733,7.04675,5.9,359
2122,tt0327247,The Whole Ten Yards,2004,98,40000000,26155781,7.15606,5.5,282
2123,tt0183505,"Me, Myself & Irene",2000,116,51000000,149270999,9.95456,6.1,956
2124,tt0109456,Color of Night,1994,121,40000000,19726050,14.229,5.4,117
2133,tt0177971,The Perfect Storm,2000,130,120000000,325756637,18.912,6.2,609
2135,tt0268695,The Time Machine,2002,96,80000000,123729176,8.91813,5.8,644
2140,tt0271027,Kiss of the Dragon,2001,98,25000000,64437847,7.63734,6.4,304
2142,tt0118887,Cop Land,1997,104,15000000,44862187,9.15931,6.6,384
2148,tt0087089,The Cotton Club,1984,127,58000000,25928721,9.50806,6.5,71
2149,tt0106453,Body of Evidence,1993,101,30000000,13273595,4.65573,4.5,57
2155,tt0184858,Reindeer Games,2000,124,42000000,32168970,12.1176,5.3,175
2157,tt0120738,Lost in Space,1998,130,80000000,136159423,12.0006,5,395
2162,tt0163579,Chill Factor,1999,101,70000000,11263966,3.06263,5.3,30
2163,tt0118771,Breakdown,1997,95,36000000,50159144,7.92662,6.6,202
2164,tt0111282,Stargate,1994,121,55000000,196567262,13.3289,6.8,942
2171,tt0243655,Wet Hot American Summer,2001,97,5000000,295206,6.38608,6.4,271
2176,tt0221218,The Glass House,2001,106,30000000,23619609,6.41894,5.4,203
2179,tt0365830,Tenacious D in The Pick of Destiny,2006,93,22000000,13405595,7.98193,6.5,419
2185,tt0246464,Big Trouble,2002,85,40000000,8493890,5.76105,6.3,82
2207,tt0450232,16 Blocks,2006,105,55000000,65664721,11.8878,6.2,675
2210,tt0097257,Earth Girls Are Easy,1988,100,10000000,3916303,11.5097,5.5,110
2239,tt0466816,Hallam Foe,2007,95,8000000,60641,8.76254,6.8,51
2251,tt0250797,Unfaithful,2002,124,50000000,119137784,8.96839,6.3,282
2252,tt0765443,Eastern Promises,2007,100,51500000,55112356,9.89791,7.2,867
2253,tt0985699,Valkyrie,2008,121,75000000,200276000,8.63546,6.7,1195
2255,tt0118842,Chasing Amy,1997,113,250000,12021272,12.3116,6.7,441
2266,tt0401711,"Paris, je t'aime",2006,120,13000000,4857367,6.98049,6.7,213
2268,tt0385752,The Golden Compass,2007,113,180000000,372234864,11.4814,5.8,1347
2269,tt0409904,Day Watch,2006,132,4200000,38862717,7.42908,6.2,170
2270,tt0486655,Stardust,2007,127,70000000,135560026,14.7845,7.2,1215
2275,tt0144214,The General's Daughter,1999,116,60000000,149705852,14.0397,6.1,209
2277,tt0182789,Bicentennial Man,1999,131,100000000,93700000,9.36992,6.9,998
2280,tt0094737,Big,1988,104,18000000,151668774,9.56229,6.9,1022
2288,tt0376541,Closer,2004,104,27000000,115505027,10.861,6.7,845
2289,tt0159365,Cold Mountain,2003,154,79000000,173013509,9.64554,6.7,545
2291,tt0099871,Jacob's Ladder,1990,113,25000000,25965144,8.17686,7.3,376
2292,tt0109445,Clerks,1994,92,27000,3151130,10.5134,7.4,769
2293,tt0113749,Mallrats,1995,94,6000000,2122561,8.25547,6.8,400
2294,tt0261392,Jay and Silent Bob Strike Back,2001,104,22000000,33788161,11.6194,6.4,491
2295,tt0424345,Clerks II,2006,97,5000000,26888376,8.46673,6.9,407
2300,tt0117705,Space Jam,1996,88,80000000,250200000,11.0543,6.5,1335
2309,tt0494238,Inkheart,2008,106,60000000,57490374,13.5709,6,610
2310,tt0442933,Beowulf,2007,115,70000000,195735876,9.95119,5.5,855
2320,tt0116253,Executive Decision,1996,133,55000000,121969216,13.1063,5.8,261
2321,tt0095593,Married to the Mob,1988,104,10000000,21486757,5.61118,5.8,67
2324,tt0472126,Local Color,2006,107,3250000,32788,1.39339,6.1,8
2334,tt0295721,Taxi 3,2003,82,14500000,65497208,5.89286,5.5,367
2355,tt0490204,Reign Over Me,2007,124,20000000,22222308,10.0271,7.1,340
2359,tt0386032,Sicko,2007,123,9000000,24538513,6.76609,7.3,241
2360,tt0195234,Saving Grace,2000,93,10000000,26330482,5.13955,6.3,115
2395,tt0463872,Asterix at the Olympic Games,2008,116,97250400,132900000,9.67194,5,486
2436,tt0106761,Double Dragon,1994,89,3500000,2341309,5.19077,3.9,65
2453,tt0102005,Harley Davidson and the Marlboro Man,1991,98,23000000,7434726,7.33819,6.1,86
2454,tt0499448,The Chronicles of Narnia: Prince Caspian,2008,150,225000000,419651413,12.4909,6.3,1668
2486,tt0449010,Eragon,2006,104,100000000,249288105,9.85113,4.9,990
2493,tt0093779,The Princess Bride,1987,98,16000000,30857814,15.1527,7.6,1518
2501,tt0258463,The Bourne Identity,2002,119,60000000,214034224,21.0401,7.3,3640
2502,tt0372183,The Bourne Supremacy,2004,108,75000000,288500217,20.4043,7.2,2873
2503,tt0440963,The Bourne Ultimatum,2007,115,70000000,442824138,18.1733,7.3,2938
2539,tt0371246,Spanglish,2004,130,80000000,55041367,11.2028,5.8,375
2567,tt0338751,The Aviator,2004,170,116000000,102000000,9.86738,7,1526
2575,tt0236784,The Tailor of Panama,2001,109,21000000,28008462,6.22693,6.2,97
2604,tt0096969,Born on the Fourth of July,1989,145,14000000,161001698,13.6176,6.7,403
2610,tt0338427,Shopgirl,2005,104,10284523,11588205,4.34905,5.7,80
2612,tt0100201,Mr. Destiny,1990,110,20000000,15379253,4.41493,6.1,60
2616,tt0098554,Uncle Buck,1989,100,15000000,79258538,8.13754,6.6,338
2617,tt0095253,The Great Outdoors,1988,91,24000000,43455230,11.6662,6.4,155
2619,tt0088161,Splash,1984,111,8000000,69821334,8.4416,6.1,328
2620,tt0090660,Armed and Dangerous,1986,88,12000000,15945534,5.03767,5.3,46
2621,tt0122459,Return to Me,2000,115,24000000,36609995,5.26973,6.1,68
2636,tt0111255,The Specialist,1994,110,45000000,170362582,10.3882,5.5,317
2637,tt0265349,The Mothman Prophecies,2002,119,32000000,55157539,8.50563,6.1,307
2639,tt0118954,Deconstructing Harry,1997,96,20000000,10686841,6.28052,7.3,188
2642,tt0313737,Two Weeks Notice,2002,101,60000000,93354918,7.73853,5.9,505
2649,tt0119174,The Game,1997,129,50000000,109423648,14.8256,7.5,1556
2652,tt0424136,Hard Candy,2005,103,950000,7022209,9.62025,6.8,726
2654,tt0113409,In the Mouth of Madness,1994,95,8000000,8946600,8.49764,7.1,307
2655,tt0161081,What Lies Beneath,2000,130,100000000,155464351,9.5005,6.3,504
2662,tt0251736,House of 1000 Corpses,2003,89,7000000,16829545,11.0091,6,310
2666,tt0118929,Dark City,1998,100,27000000,27200316,12.852,7.2,838
2667,tt0185937,The Blair Witch Project,1999,81,60000,248000000,14.8384,6.3,1090
2668,tt0162661,Sleepy Hollow,1999,105,100000000,206071502,11.0724,6.9,1774
2669,tt0086993,The Bounty,1984,132,25000000,8613462,7.49291,6.5,109
2671,tt0178868,Ringu,1998,96,1200000,8690429,6.48613,6.9,310
2675,tt0286106,Signs,2002,106,72000000,408247917,11.2116,6.4,1624
2687,tt0104850,Memoirs of an Invisible Man,1992,99,40000000,14358033,6.0641,5.7,127
2698,tt0413099,Evan Almighty,2007,96,175000000,173000000,9.15688,5.3,1194
2749,tt0179626,15 Minutes,2001,120,60000000,56359980,12.1499,5.7,194
2755,tt0257360,About Schmidt,2002,125,30000000,105834556,11.0665,6.7,365
2756,tt0096754,The Abyss,1989,139,70000000,90000098,9.80958,7.1,822
2757,tt0268126,Adaptation.,2002,114,19000000,32801173,11.6245,7.3,649
2768,tt0080365,American Gigolo,1980,117,4800000,22743674,11.5327,5.9,137
2770,tt0252866,American Pie 2,2001,108,30000000,287553595,10.251,6,1375
2778,tt0109447,Clifford,1994,89,19000000,7411659,2.45929,5.3,17
2787,tt0134847,Pitch Black,2000,108,23000000,53187659,6.4244,6.7,1812
2788,tt0110950,Reality Bites,1994,99,11500000,20079850,6.51459,6.5,180
2789,tt0296572,The Chronicles of Riddick,2004,119,105000000,115772733,5.06035,6.3,1593
2800,tt0398375,Rumor Has It...,2005,97,70000000,88933562,6.15821,5.3,309
2832,tt0309698,Identity,2003,90,30000000,90259536,17.9559,7.1,1090
2898,tt0119822,As Good as It Gets,1997,139,50000000,314178011,9.37405,7.2,946
2900,tt0138304,The Astronaut's Wife,1999,109,75000000,19598588,14.7059,5.5,263
2907,tt0101272,The Addams Family,1991,99,30000000,191502426,12.9625,6.7,871
2924,tt0101393,Backdraft,1991,137,75000000,152368585,9.88373,6.4,360
2925,tt0116313,The First Wives Club,1996,102,26000000,116400000,10.1773,6.5,172
2959,tt0762114,License to Wed,2007,91,35000000,69307224,7.10208,5.3,258
2976,tt0427327,Hairspray,2007,117,50000000,90450008,7.76804,6.5,738
2977,tt0416508,Becoming Jane,2007,120,16500000,37311672,7.82974,6.9,325
2978,tt0097428,Ghostbusters II,1989,108,37000000,215394738,16.4142,6.3,1131
2989,tt0083001,Roar,1981,102,17000000,2000000,1.30726,5.6,19
3033,tt0120684,Gods and Monsters,1998,105,10000000,6451628,6.78802,6.8,82
3036,tt0109836,Mary Shelley's Frankenstein,1994,123,45000000,112006296,14.2878,6.1,272
3040,tt0403358,Night Watch,2004,114,4200000,32000000,8.80387,6.3,212
3049,tt0109040,Ace Ventura: Pet Detective,1994,86,15000000,107217396,11.248,6.4,1684
3050,tt0118998,Doctor Dolittle,1998,85,71000000,294456605,9.43908,5.4,705
3093,tt0430912,Basic Instinct 2,2006,114,70000000,38629478,15.3219,4.6,183
3097,tt0307596,"The Tulse Luper Suitcases, Part 1: The Moab Story",2003,127,10000000,25800,0.524432,7.8,5
3131,tt0217505,Gangs of New York,2002,167,100000000,193772504,14.9224,7.1,1964
3132,tt0280486,Bad Company,2002,116,70000000,65977295,9.54002,5.4,232
3172,tt0219965,Bandits,2001,123,75000000,67631903,13.1368,6.2,307
3176,tt0266308,Battle Royale,2000,114,4500000,25000000,12.7011,7.3,992
3291,tt0433383,"Good Night, and Good Luck.",2005,93,7000000,54600000,7.5231,6.8,274
3432,tt0780571,Mr. Brooks,2007,120,20000000,41637263,7.42381,6.8,543
3489,tt0411061,88 Minutes,2007,108,30000000,16930884,8.55297,5.7,323
3509,tt0405296,A Scanner Darkly,2006,100,8700000,7659918,11.643,6.8,540
3512,tt0114781,Under Siege 2: Dark Territory,1995,100,60000000,104324083,7.49025,5.6,217
3525,tt0096463,Working Girl,1988,114,28000000,103173635,8.31895,6.5,242
3536,tt0141926,U-571,2000,116,62000000,127666415,7.87992,6.1,345
3563,tt0762107,I Now Pronounce You Chuck & Larry,2007,115,85000000,186072214,6.6458,5.8,640
3573,tt0116191,Emma,1996,121,6000000,22231658,6.59301,6.7,152
3580,tt0824747,Changeling,2008,141,55000000,113020255,11.6724,7.3,1151
3586,tt0110907,Prêt-à-Porter,1994,133,15000000,11300653,6.25943,5.3,33
3594,tt0481369,The Number 23,2007,101,30000000,77566815,8.14094,6.3,1045
3595,tt0117438,Ransom,1996,117,80000000,309492681,8.77219,6.4,482
3597,tt0119345,I Know What You Did Last Summer,1997,100,17000000,125586134,7.41716,5.6,698
3600,tt0130018,I Still Know What You Did Last Summer,1998,100,65000000,40002112,11.023,5.1,381
3604,tt0080745,Flash Gordon,1980,111,35000000,27107960,6.34698,6.1,237
3638,tt0481141,No Reservations,2007,104,28000000,92601050,9.67232,6.1,336
3683,tt0418689,Flags of Our Fathers,2006,132,90000000,65900249,9.22449,6.7,532
3877,tt0469623,Things We Lost in the Fire,2007,113,16000000,2849142,11.4463,6.7,90
3902,tt0368794,I'm Not There.,2007,135,20000000,4001121,9.35156,6.6,202
3933,tt0121164,Corpse Bride,2005,77,40000000,117195061,12.92,7.2,1957
3980,tt0090887,Critters,1986,82,2000000,13167232,10.1138,5.9,221
3981,tt0207201,What Women Want,2000,127,70000000,374111707,9.96308,6.1,1021
3989,tt0372588,Team America: World Police,2004,98,32000000,50907422,11.4289,6.6,667
4011,tt0094721,Beetlejuice,1988,92,15000000,73326666,10.6274,7.1,1475
4012,tt0247199,The Believer,2001,98,1500000,416925,8.12811,6.8,152
4105,tt0096933,Black Rain,1989,125,30000000,45892212,6.97341,6.2,250
4108,tt0293662,The Transporter,2002,92,21000000,43928932,13.2174,6.6,1724
4133,tt0221027,Blow,2001,124,53000000,83282296,12.3322,7.4,1352
4141,tt0465602,Shoot 'Em Up,2007,86,39000000,26820641,7.25909,6.3,589
4147,tt0257044,Road to Perdition,2002,117,80000000,181001478,13.4267,7.3,1102
4148,tt0959337,Revolutionary Road,2008,119,35000000,75225693,12.2659,6.8,824
4203,tt0095675,Women on the Verge of a Nervous Breakdown,1988,88,700000,7179298,5.47033,7.6,149
4232,tt0117571,Scream,1996,111,14000000,173046663,13.3264,7,1520
4233,tt0120082,Scream 2,1997,120,24000000,172363301,11.2648,6.1,856
4234,tt0134084,Scream 3,2000,116,40000000,161834276,9.73837,5.7,749
4244,tt0219854,The Kid,2000,104,65000000,69700000,15.0457,6,242
4247,tt0175142,Scary Movie,2000,88,19000000,278019771,12.4467,6,1468
4248,tt0257106,Scary Movie 2,2001,83,45000000,141220678,10.8691,5.4,1019
4251,tt0420332,Veer-Zaara,2004,192,7000000,29385320,3.31952,7.5,67
4256,tt0306047,Scary Movie 3,2003,84,48000000,220673217,11.1422,5.8,948
4257,tt0362120,Scary Movie 4,2006,83,45000000,178262620,13.0967,5.3,779
4258,tt0795461,Scary Movie 5,2013,86,20000000,78378744,14.2728,4.6,813
4327,tt0160127,Charlie's Angels,2000,98,92000000,264105545,9.77499,5.6,1253
4347,tt0783233,Atonement,2007,123,30000000,129266061,8.91334,7.4,1075
4348,tt0414387,Pride & Prejudice,2005,135,28000000,121147947,14.4391,7.8,1406
4349,tt0431197,The Kingdom,2007,110,70000000,86658558,13.8423,6.5,517
4379,tt0369735,Monster-in-Law,2005,101,43000000,154749918,6.32838,5.6,413
4380,tt0358135,Shall We Dance?,2004,107,50000000,170128460,9.08254,5.9,308
4413,tt0476964,The Brave One,2007,122,70000000,69766619,11.8027,6.4,258
4421,tt0119173,G.I. Jane,1997,125,50000000,48169156,9.37934,6,404
4442,tt0355295,The Brothers Grimm,2005,118,88000000,105316267,15.6615,5.6,847
4464,tt0329575,Seabiscuit,2003,141,87000000,148336445,7.85167,6.8,219
4476,tt0110322,Legends of the Fall,1994,133,30000000,160638883,12.199,7.2,636
4477,tt0118972,The Devil's Own,1997,107,90000000,140807547,10.6751,5.9,300
4478,tt0107211,Indecent Proposal,1993,117,38000000,266614059,7.11812,5.8,300
4488,tt0080761,Friday the 13th,1980,95,550000,59754601,12.1467,6.4,622
4512,tt0443680,The Assassination of Jesse James by the Coward Robert Ford,2007,160,30000000,14711793,10.1113,7,792
4513,tt0389722,30 Days of Night,2007,113,30000000,75505973,8.76455,6.2,784
4515,tt0891527,Lions for Lambs,2007,92,35000000,63215872,5.80986,6,223
4517,tt0414055,Elizabeth: The Golden Age,2007,114,55000000,74237563,7.60824,6.6,310
4518,tt0127536,Elizabeth,1998,124,30000000,82150642,7.56632,7.2,346
4523,tt0461770,Enchanted,2007,107,85000000,340487652,11.4478,6.6,1512
4538,tt0838221,The Darjeeling Limited,2007,91,16000000,24377151,6.49347,7.1,876
4547,tt0258000,Panic Room,2002,111,48000000,196397415,14.9695,6.6,1303
4551,tt0377471,Be Cool,2005,118,53000000,95226116,13.3142,5.4,296
4553,tt0361862,The Machinist,2004,101,5000000,8203235,10.7376,7.3,1280
4564,tt1000774,Sex and the City,2008,145,65000000,415252786,9.17033,6,525
4566,tt0465538,Michael Clayton,2007,119,25000000,92991835,7.85708,6.6,508
4584,tt0114388,Sense and Sensibility,1995,136,16500000,135000000,10.6732,7.2,364
4587,tt0100140,Mermaids,1990,110,31000000,35419397,5.55237,6.5,124
4597,tt0913354,Armored,2009,88,20000000,22942221,9.95166,5.5,211
4599,tt0350028,Raising Helen,2004,119,50000000,49718611,12.4489,5.9,195
4614,tt0164184,The Sum of All Fears,2002,124,68000000,193000000,9.26814,5.9,447
4629,tt0465436,December Boys,2007,105,4000000,46474,4.66169,6.2,79
4638,tt0425112,Hot Fuzz,2007,121,12000000,80573774,13.5352,7.4,2252
4643,tt0406816,The Guardian,2006,139,70000000,55011732,10.0318,6.8,394
4689,tt0310775,Sympathy for Mr. Vengeance,2002,121,4000000,1954937,6.3147,7.3,302
4722,tt0106452,Body Snatchers,1993,87,13000000,428868,6.55969,5.8,102
4723,tt0405336,Southland Tales,2006,144,17000000,374743,6.24259,5.2,154
4771,tt0452623,Gone Baby Gone,2007,113,19000000,34619699,6.14852,7.2,1034
4806,tt0163187,Runaway Bride,1999,116,70000000,309457509,8.91947,5.8,472
4824,tt0119395,The Jackal,1997,124,60000000,159330280,11.1319,6.1,536
4836,tt0375912,Layer Cake,2004,105,6500000,11850214,9.64221,7,565
4858,tt0427392,The Invasion,2007,99,80000000,15071514,5.22884,5.7,366
4911,tt0279331,Dark Blue,2002,118,15000000,9237470,4.98408,6.5,86
4912,tt0270288,Confessions of a Dangerous Mind,2002,113,30000000,33013805,7.64583,6.6,281
4912,tt0270288,Confessions of a Dangerous Mind,2002,113,30000000,33013805,11.3311,6.6,281
4922,tt0421715,The Curious Case of Benjamin Button,2008,166,150000000,333932083,17.9348,7.3,3398
4927,tt0138414,Edge of Seventeen,1998,99,1500000,870751,1.66647,5.7,29
4935,tt0347149,Howl's Moving Castle,2004,119,24000000,234710455,16.136,8.2,2049
4942,tt0379865,Leatherheads,2008,114,58000000,41299492,9.37102,5.7,131
4944,tt0887883,Burn After Reading,2008,96,37000000,163720069,13.2068,6.5,1251
4951,tt0147800,10 Things I Hate About You,1999,97,16000000,53478166,12.07,7.3,1768
4958,tt0146984,The Legend of Bagger Vance,2000,126,80000000,39459427,9.03488,6.4,259
4959,tt0963178,The International,2009,118,50000000,60161391,6.58361,6,373
4961,tt0119675,Mimic,1997,105,30000000,25480490,9.12891,5.7,255
4964,tt0478311,Knocked Up,2007,129,30000000,219076518,9.05852,6.2,1255
4967,tt0171433,Keeping the Faith,2000,127,30000000,37036004,6.04559,5.9,161
4970,tt0348836,Gothika,2003,98,40000000,141591324,10.9391,5.8,643
4978,tt0090633,An American Tail,1986,80,9000000,84542002,11.9285,6.6,344
4982,tt0765429,American Gangster,2007,157,100000000,266465037,9.64454,7.4,1527
4995,tt0118749,Boogie Nights,1997,155,15000000,43101594,7.59568,7.5,812
4997,tt0335563,Wonderland,2003,104,5000000,2466444,8.06212,6.2,73
5038,tt0497465,Vicky Cristina Barcelona,2008,96,15000000,96408652,9.64854,6.7,1050
5123,tt0426931,August Rush,2007,114,25000000,66122026,8.87405,7.2,821
5125,tt0804522,Rendition,2007,120,27500000,24748670,13.4826,6.2,207
5137,tt0346156,Sky Captain and the World of Tomorrow,2004,107,70000000,57958696,9.64113,5.7,445
5143,tt0091167,Hannah and Her Sisters,1986,107,6400000,40084041,9.57874,7.6,224
5172,tt0469263,The Astronaut Farmer,2006,104,13000000,11130889,6.86215,6.2,124
5174,tt0293564,Rush Hour 3,2007,91,140000000,258022233,9.71811,6.1,801
5175,tt0266915,Rush Hour 2,2001,90,90000000,347325802,8.34599,6.4,1078
5176,tt0381849,3:10 to Yuma,2007,122,55000000,70016220,18.0791,6.9,1210
5236,tt0373469,Kiss Kiss Bang Bang,2005,103,15000000,15785148,11.7605,7.2,900
5255,tt0338348,The Polar Express,2004,100,165000000,305875730,14.2754,6.4,1524
5279,tt0280707,Gosford Park,2001,137,19800000,87754044,14.1011,6.8,256
5289,tt0402910,Chaos,2005,106,20000000,10289,9.51795,6.1,278
5333,tt0094667,Apartment Zero,1988,124,4000000,670774,3.92771,6.9,12
5375,tt0486583,Fred Claus,2007,116,100000000,97838349,5.5021,5.5,211
5393,tt0308353,Happily N'Ever After,2006,75,47000000,38085778,13.1399,4.6,108
5470,tt0120604,Beowulf,1999,95,20000000,1531251,7.74577,4.4,52
5491,tt0185183,Battlefield Earth,2000,118,44000000,21400000,5.27693,3,259
5503,tt0106977,The Fugitive,1993,130,44000000,368875760,10.0894,7.2,1240
5548,tt0093870,RoboCop,1987,102,13000000,53000000,13.4856,7.1,1494
5549,tt0100502,RoboCop 2,1990,117,35000000,45681173,10.9699,5.6,498
5550,tt0107978,RoboCop 3,1993,104,22000000,10696210,8.6858,4.2,309
5551,tt0186566,Space Cowboys,2000,130,65000000,128884132,7.45761,6.3,407
5559,tt0389790,Bee Movie,2007,91,150000000,287594577,8.77437,5.7,1208
5683,tt0089791,Pee-wee's Big Adventure,1985,90,6000000,40940662,11.4614,6.6,239
5689,tt0080453,The Blue Lagoon,1980,104,4500000,58853106,11.5786,5.8,422
5693,tt0091217,Hoosiers,1986,114,9000000,28607524,6.4845,7.1,143
5723,tt0907657,Once,2007,85,160000,20710513,10.3571,7.4,457
5820,tt0443632,The Sentinel,2006,108,60000000,77920346,12.9154,5.8,230
5825,tt0097958,National Lampoon's Christmas Vacation,1989,97,27000000,71320000,9.80257,7.1,668
5851,tt0284490,Showtime,2002,95,85000000,77741732,4.91786,5.3,286
5852,tt0225071,Angel Eyes,2001,102,53000000,29700000,5.3962,5.5,91
5857,tt0897361,I Know Who Killed Me,2007,105,12000000,9620399,4.96144,4,81
5876,tt0884328,The Mist,2007,126,18000000,57096190,8.43564,6.7,1438
5894,tt0112541,Blue in the Face,1995,83,2000000,1275000,11.5281,6.8,28
5896,tt0086987,Bolero,1984,105,7000000,8914881,1.45649,3.4,23
5915,tt0758758,Into the Wild,2007,148,15000000,56255142,15.4235,7.8,3139
5955,tt0237572,The Pledge,2001,123,35000000,29400000,12.8066,6.6,221
5966,tt0343135,Along Came Polly,2004,90,42000000,171963386,15.7255,5.8,795
6023,tt0431308,P.S. I Love You,2007,126,30000000,156835339,10.3049,7,1011
6038,tt0300471,Shanghai Knights,2003,115,50000000,88323487,7.46978,6,707
6068,tt0120828,Six Days Seven Nights,1998,98,70000000,164000000,18.3242,5.6,343
6072,tt0118531,One Eight Seven,1997,119,20000000,5716080,6.47649,6.5,141
6073,tt0236493,The Mexican,2001,123,57000000,147845033,9.95841,5.8,453
6075,tt0106519,Carlito's Way,1993,144,30000000,36516012,8.69851,7.7,805
6114,tt0103874,Dracula,1992,128,40000000,215862692,16.7777,7.1,1087
6116,tt0120185,Spice World,1997,93,25000000,100000000,4.25752,4.7,124
6171,tt0285531,Dreamcatcher,2003,136,68000000,75715436,7.69485,5.2,574
6278,tt0253556,Reign of Fire,2002,101,60000000,43061982,13.0673,6,684
6279,tt0108147,Sister Act 2: Back in the Habit,1993,107,38000000,57319029,12.9868,5.9,384
6280,tt0110216,Junior,1994,109,60000000,37000000,6.71022,4.7,381
6282,tt0200550,Coyote Ugly,2000,100,45000000,113916474,15.6508,5.8,590
6283,tt0119715,MouseHunt,1997,98,38000000,122417389,6.45623,6.2,297
6312,tt0237534,Brotherhood of the Wolf,2001,137,29000000,70752904,11.5643,6.6,404
6341,tt0085255,Blue Thunder,1983,109,22000000,42313354,10.4564,5.9,117
6346,tt0115862,The Chamber,1996,113,50000000,22540359,3.99849,5.9,62
6415,tt0120188,Three Kings,1999,114,75000000,108000000,12.2876,6.6,709
6435,tt0120791,Practical Magic,1998,104,75000000,46683377,7.75779,6.3,348
6439,tt0376105,Racing Stripes,2005,102,30000000,93772522,4.81705,5.1,127
6466,tt0329101,Freddy vs. Jason,2003,97,30000000,114908830,14.0157,5.8,608
6477,tt0952640,Alvin and the Chipmunks,2007,92,60000000,361366633,11.8052,5.5,1212
6479,tt0480249,I Am Legend,2007,101,150000000,585349010,11.3794,6.9,4977
6488,tt0099052,Arachnophobia,1990,103,31000000,53208180,5.41843,6.2,445
6499,tt0120389,Turbo: A Power Rangers Movie,1997,99,10000000,17979739,5.43675,4.6,60
6519,tt0377818,The Dukes of Hazzard,2005,104,50000000,110803676,9.03947,5.1,321
6520,tt0113071,First Knight,1995,134,55000000,127600435,15.1783,5.9,319
6522,tt0123964,Life,1999,108,80000000,73345029,7.57944,6.4,179
6538,tt0472062,Charlie Wilson's War,2007,102,75000000,119000410,9.97916,6.5,342
6552,tt0138510,Idle Hands,1999,92,25000000,4152230,6.85163,6.1,183
6557,tt0988595,27 Dresses,2008,111,30000000,160259319,10.3422,6.1,1013
6575,tt0841046,Walk Hard: The Dewey Cox Story,2007,96,35000000,18317151,7.21993,6.6,214
6615,tt0805564,Lars and the Real Girl,2007,106,12000000,11293663,8.02512,7.1,517
6637,tt0465234,National Treasure: Book of Secrets,2007,124,130000000,457363168,12.8544,6.1,1782
6639,tt0484740,Love in the Time of Cholera,2007,139,45000000,4607608,5.20735,6.5,84
6687,tt0800241,Transsiberian,2008,111,15000000,5926410,12.4977,6.5,197
6723,tt0100514,The Rookie,1990,120,10000000,21633874,8.11059,5.6,134
6795,tt0406375,Zathura: A Space Adventure,2005,101,65000000,64321501,10.6956,6.1,808
6877,tt0427229,Failure to Launch,2006,97,50000000,128406887,9.43801,5.5,407
6947,tt0368447,The Village,2004,108,60000000,256697520,8.17271,6.2,1101
6950,tt0114069,Outbreak,1995,127,50000000,189859560,13.6764,6.4,522
6957,tt0405422,The 40 Year Old Virgin,2005,116,26000000,109449237,11.5197,6.2,2020
6961,tt0372532,The Wedding Date,2005,88,15000000,47175038,5.6153,6.2,238
6963,tt0384680,The Weather Man,2005,101,20000000,12482775,8.34587,6,292
6964,tt0337741,Something's Gotta Give,2003,128,80000000,266728738,8.52485,6.3,422
6972,tt0455824,Australia,2008,165,130000000,49554002,9.56614,6.3,712
6973,tt0478134,In the Valley of Elah,2007,124,23000000,29541790,9.60455,6.6,265
6977,tt0477348,No Country for Old Men,2007,122,25000000,171600000,15.5655,7.7,3083
6978,tt0090728,Big Trouble in Little China,1986,99,25000000,11000000,11.1099,7.1,727
7090,tt0209077,Ken Park,2002,97,1300000,447741,12.6304,5.7,136
7091,tt0098577,Vampire's Kiss,1988,103,2000000,725131,3.26543,6,75
7095,tt0116669,Jack,1996,113,45000000,58620973,6.28724,5.9,340
7131,tt0338526,Van Helsing,2004,132,160000000,300257475,12.6433,6,1674
7183,tt0457433,Perfect Stranger,2007,109,60795000,73090611,9.92525,5.4,242
7191,tt1060277,Cloverfield,2008,85,25000000,170764026,12.8681,6.4,2297
7211,tt0480242,Dan in Real Life,2007,98,25000000,68377859,8.93655,6.5,363
7214,tt0393162,Coach Carter,2005,136,30000000,76669806,11.0937,7.3,510
7220,tt0330793,The Punisher,2004,124,33000000,54700105,18.2509,6.1,786
7233,tt0376108,Rebound,2005,103,45000000,16809014,4.37346,5.2,96
7270,tt0325805,Matchstick Men,2003,116,62000000,65565672,5.53927,6.9,515
7278,tt1073498,Meet the Spartans,2008,84,30000000,84646831,6.41675,3.8,370
7288,tt0266489,Duplex,2003,89,40000000,19322135,12.1604,5.9,500
7299,tt0238380,Equilibrium,2002,107,20000000,5359645,12.6716,6.9,1584
7303,tt0252076,Maid in Manhattan,2002,105,55000000,154906693,7.29194,5.6,493
7304,tt0404390,Running Scared,2006,122,17000000,9500000,7.43554,7,332
7305,tt0106246,Alive,1993,120,32000000,36733909,8.66229,6.7,383
7326,tt0467406,Juno,2007,96,7500000,231411584,11.7916,7,2313
7341,tt0144814,The Rage: Carrie 2,1999,104,21000000,17762705,4.76659,5.1,79
7345,tt0469494,There Will Be Blood,2007,158,25000000,77208711,8.20063,7.9,1581
7350,tt0825232,The Bucket List,2007,97,45000000,175372502,9.07064,7,1138
7351,tt0903627,Julia,2008,138,6000000,1300000,2.00203,7.2,23
7364,tt0318649,Sahara,2005,124,130000000,119269486,8.94624,5.7,440
7442,tt0102945,Sleeping with the Enemy,1991,99,19000000,174999005,8.56069,6.1,228
7443,tt0120630,Chicken Run,2000,84,45000000,224834564,11.8342,6.5,1190
7445,tt0765010,Brothers,2009,104,26000000,43318349,9.10892,6.8,650
7446,tt0942385,Tropic Thunder,2008,107,92000000,188072649,8.98094,6.5,1707
7450,tt0120913,Titan A.E.,2000,94,75000000,36754634,7.51563,6.3,320
7451,tt0295701,xXx,2002,124,70000000,277448382,12.7224,5.8,1454
7453,tt0371724,The Hitchhiker's Guide to the Galaxy,2005,109,50000000,104478416,13.2573,6.6,1340
7459,tt0811080,Speed Racer,2008,135,120000000,93945766,7.13417,5.7,359
7461,tt0443274,Vantage Point,2008,90,40000000,151161491,7.00165,6.3,731
7484,tt0400717,Open Season,2006,83,85000000,197309027,11.7442,6.1,676
7485,tt0822854,Shooter,2007,124,61000000,95696996,14.2469,6.9,1495
7840,tt0443649,"10,000 BC",2008,109,105000000,266000000,13.9938,5.1,934
7913,tt0405508,Rang De Basanti,2006,157,2200000,11502151,4.10205,7.2,98
7942,tt0425413,"Run, Fatboy, Run",2007,100,10000000,33000000,11.8405,6.2,241
7979,tt0419887,The Kite Runner,2007,128,20000000,73276047,5.97007,7.3,405
7980,tt0380510,The Lovely Bones,2009,136,65000000,93525586,12.7388,6.6,1101
7984,tt0107207,In the Name of the Father,1993,133,13000000,65796862,7.4059,7.6,363
8007,tt0159273,Behind Enemy Lines,2001,106,40000000,91753202,11.1856,6,464
8009,tt0091203,Highlander,1986,116,16000000,5900000,16.8704,6.8,642
8010,tt0102034,Highlander II: The Quickening,1991,91,30000000,15556340,8.03264,4.5,213
8011,tt0110027,Highlander: The Final Dimension,1994,99,26000000,36800000,6.86663,4.5,110
8012,tt0113161,Get Shorty,1995,105,30250000,115101622,12.6696,6.4,305
8055,tt0976051,The Reader,2008,124,32000000,113019290,7.93173,7.2,835
8068,tt0112851,Desperado,1995,104,7000000,25405445,6.95046,6.8,898
8130,tt0089017,Desperately Seeking Susan,1985,104,5000000,27400000,8.67935,6,99
8141,tt0796375,You Kill Me,2007,90,4000000,2426851,4.7253,6.2,82
8195,tt0122690,Ronin,1998,122,55000000,41610884,9.67209,6.8,670
8197,tt0119668,Midnight in the Garden of Good and Evil,1997,155,35000000,25105255,5.14591,6.3,161
8198,tt0258068,The Quiet American,2002,101,30000000,27674124,8.23045,6.5,82
8202,tt0402022,Æon Flux,2005,93,62000000,52304001,12.2019,5.4,717
8224,tt0134273,8MM,1999,123,40000000,96618699,7.47372,6.1,479
8265,tt1064932,Welcome to the Sticks,2008,106,11000000,53191886,7.25013,6.7,638
8270,tt0427470,The Lookout,2007,99,16000000,5367030,12.1535,6.6,209
8273,tt0328828,American Wedding,2003,103,55000000,231449203,14.3971,6,1158
8291,tt0107840,Poetic Justice,1993,109,14000000,27515786,6.9726,6.9,47
8292,tt0430105,Four Brothers,2005,109,45000000,92374674,6.84109,6.7,617
8329,tt1038988,[REC],2007,78,1500000,30448000,8.50451,7.1,954
8337,tt0096256,They Live,1988,94,4000000,13008928,11.2924,7.1,562
8338,tt0861689,Blindness,2008,121,25000000,19844979,7.46238,6.4,393
8363,tt0829482,Superbad,2007,113,20000000,121463226,16.2051,7,2152
8367,tt0102798,Robin Hood: Prince of Thieves,1991,143,48000000,390493908,10.6392,6.6,937
8373,tt1055369,Transformers: Revenge of the Fallen,2009,150,150000000,836297228,4.35176,6,3192
8374,tt0144117,The Boondock Saints,1999,108,6000000,30471,12.4579,7.2,848
8393,tt0080801,The Gods Must Be Crazy,1980,109,5000000,60000000,10.9735,7.1,251
8398,tt0455960,The Hitcher,2007,84,10000000,25399945,7.16097,5.6,253
8427,tt0297181,I Spy,2002,97,70000000,33561137,10.4043,5.2,276
8452,tt0216216,The 6th Day,2000,123,82000000,96085477,8.41311,5.7,603
8453,tt0439662,Fanaa,2006,168,5300000,22175908,3.00353,6.7,53
8456,tt1023111,Never Back Down,2008,115,20000000,41627431,14.7539,6.5,511
8461,tt0808279,Funny Games,2007,112,15000000,7938872,6.84159,6.3,562
8487,tt0120891,Wild Wild West,1999,106,170000000,222104681,9.8876,5.1,1042
8488,tt0386588,Hitch,2005,118,70000000,368100420,13.3508,6.3,1721
8491,tt0098627,Weekend at Bernie's,1989,97,6500000,30218387,8.05189,6.4,255
8512,tt0112857,Devil in a Blue Dress,1995,102,27000000,16140822,4.64613,6.3,88
8536,tt0081573,Superman II,1980,127,54000000,190458706,10.3016,6.5,642
8584,tt0184894,Shanghai Noon,2000,110,55000000,56932305,10.3084,6.2,756
8587,tt0110357,The Lion King,1994,89,45000000,788241776,21.6058,8,5520
8592,tt0099422,Dick Tracy,1990,103,47000000,103738726,8.30478,5.9,258
8618,tt0464049,The History Boys,2006,109,4000000,13401952,3.40358,6.6,66
8619,tt0311113,Master and Commander: The Far Side of the World,2003,138,150000000,212011111,8.6933,6.9,808
8643,tt0404032,The Exorcism of Emily Rose,2005,122,19000000,144216468,10.966,6.3,675
8645,tt0949731,The Happening,2008,91,60000000,163403799,6.22229,4.9,968
8653,tt0255589,The Isle,2000,90,50000,21075,3.88209,6.9,60
8656,tt0120647,Deep Impact,1998,120,75000000,140464664,11.6446,5.9,870
8665,tt0267626,K-19: The Widowmaker,2002,138,100000000,35168966,7.71872,6.1,273
8676,tt0770752,Fool's Gold,2008,112,70000000,111231041,9.4548,5.4,454
8681,tt0936501,Taken,2008,93,25000000,226830568,16.3675,7.2,4444
8688,tt0120832,Snake Eyes,1998,98,73000000,103891409,11.6045,5.8,331
8696,tt0337909,Calendar Girls,2003,108,10000000,96542059,5.10957,6.6,94
8698,tt0311429,The League of Extraordinary Gentlemen,2003,110,78000000,179265204,10.4888,5.7,1181
8699,tt0357413,Anchorman: The Legend of Ron Burgundy,2004,94,26000000,90574188,10.3301,6.7,1523
8741,tt0120863,The Thin Red Line,1998,170,52000000,98126565,9.78397,7.2,793
8764,tt0088286,Top Secret!,1984,90,9000000,20458340,5.97124,7,241
8766,tt0116514,Hellraiser: Bloodline,1996,86,4000000,16675000,5.26319,4.9,111
8780,tt0871426,Baby Mama,2008,99,30000000,63833449,10.9014,5.8,205
8810,tt0082694,Mad Max 2: The Road Warrior,1981,95,2000000,24600832,11.1898,7.3,981
8814,tt0419706,Doom,2005,105,60000000,55987321,11.9536,5,619
8818,tt0116250,Evita,1996,134,55000000,141047179,6.7098,5.9,122
8831,tt0111438,Timecop,1994,99,27000000,101646581,8.90707,5.5,288
8832,tt1023490,Il Divo,2008,110,7275000,11260366,7.72833,7.5,166
8834,tt0118883,Conspiracy Theory,1997,135,75000000,136982834,14.2618,6.5,440
8835,tt0250494,Legally Blonde,2001,96,18000000,141774679,12.7694,6.2,908
8836,tt0443701,The X Files: I Want to Believe,2008,104,30000000,68369434,9.86358,5.5,534
8839,tt0112642,Casper,1995,100,50000000,287928194,12.8125,6,1045
8840,tt0116136,DragonHeart,1996,103,57000000,115267375,23.6366,6.4,553
8842,tt0312329,Against the Ropes,2004,106,39000000,6614280,1.38102,4.5,32
8843,tt0209958,The Cell,2000,107,33000000,104155843,13.2349,6,442
8844,tt0113497,Jumanji,1995,104,65000000,262797249,17.0155,6.9,2413
8845,tt0105690,Under Siege,1992,103,35000000,156563139,9.91827,6.1,405
8848,tt0200465,The Bank Job,2008,112,20000000,64822796,8.7327,6.6,708
8849,tt0375173,Alfie,2004,103,60000000,13395939,10.4116,5.5,255
8850,tt0111143,The Shadow,1994,108,25000000,48063435,7.88111,5.4,140
8852,tt0093777,Prince of Darkness,1987,101,3000000,14182492,8.58723,6.6,192
8854,tt0120207,Steel,1997,97,16000000,1686429,2.89046,4.2,49
8856,tt0091326,"The Karate Kid, Part II",1986,113,113,115103979,9.23132,5.9,457
8859,tt0242423,"Dude, Where’s My Car?",2000,83,13000000,73180723,10.8902,5.3,523
8860,tt0119664,Metro,1997,117,55000000,31987563,10.5195,5.3,136
8870,tt0199753,Red Planet,2000,106,80000000,33463969,8.53418,5.4,271
8871,tt0170016,How the Grinch Stole Christmas,2000,104,123000000,345141403,11.6425,6.2,1440
8872,tt0105793,Wayne's World,1992,94,20000000,121697323,10.1808,6.5,738
8874,tt0119738,My Best Friend's Wedding,1997,105,38000000,299288605,4.67857,6.4,606
8885,tt1185616,Waltz with Bashir,2008,90,2000000,11125849,7.63662,7.8,294
8909,tt0493464,Wanted,2008,110,75000000,258270008,12.4579,6.4,2583
8913,tt0098084,Pet Sematary,1989,103,11500000,57469467,8.36576,6.4,417
8914,tt0149261,Deep Blue Sea,1999,105,60000000,73648228,7.49362,5.6,616
8915,tt1129445,Amelia,2009,111,40000000,19258519,5.30872,5.4,71
8916,tt0120587,Antz,1998,83,60000000,171757863,16.0256,6,1320
8920,tt0356634,Garfield,2004,80,50000000,200804534,10.0037,5.2,851
8922,tt0263488,Jeepers Creepers,2001,90,10000000,59217789,10.4144,6.1,731
8944,tt0486674,What Just Happened,2008,104,25000000,6673422,10.5102,5.2,128
8952,tt1045772,I Love You Phillip Morris,2009,98,13000000,10652035,5.77375,6.4,514
8960,tt0448157,Hancock,2008,92,150000000,624029371,11.0173,6.2,3050
8961,tt0172156,Bad Boys II,2003,147,130000000,273339556,8.19144,6.3,1588
8963,tt0112740,Crimson Tide,1995,116,53000000,157387195,8.65736,7,508
8966,tt1099212,Twilight,2008,122,37000000,392616625,31.282,5.8,3688
8967,tt0478304,The Tree of Life,2011,139,32000000,54674226,11.2045,6.5,1009
8968,tt0357507,Boogeyman,2005,89,20000000,67192859,9.70429,4.6,194
8970,tt0129280,The Out-of-Towners,1999,90,75000000,29000000,9.01988,5.1,46
8975,tt0419946,The Marine,2006,92,20000000,22165608,6.67917,5,165
8976,tt0391304,A Lot Like Love,2005,107,30000000,42886719,10.5967,6.5,329
8978,tt0398712,Assault on Precinct 13,2005,109,30000000,35294470,11.553,6,318
8982,tt0427954,The Protector,2005,108,6000000,27165581,9.00517,6.8,171
8984,tt0109635,Disclosure,1994,123,55000000,214015089,11.8122,5.9,217
8988,tt0489281,Stop-Loss,2008,113,25000000,11207130,5.43057,6.1,84
8998,tt0436331,Friends with Money,2006,88,6500000,13368437,8.86916,5.1,132
8999,tt0398017,Derailed,2005,108,22000000,57479076,10.6005,6.1,322
9003,tt0093177,Hellraiser,1987,94,1000000,14564027,10.8131,6.9,464
9007,tt0425123,Just Like Heaven,2005,95,58000000,102854431,8.35177,6.5,595
9008,tt0140352,The Insider,1999,157,90000000,60289912,11.3569,7.3,489
9009,tt0382628,Dark Water,2005,105,30000000,25473093,6.53565,5.3,275
9012,tt0322802,Jackass: The Movie,2002,87,5000000,64282312,14.0956,6.1,355
9013,tt0095631,Midnight Run,1988,126,30000000,38413606,5.56432,7.2,241
9016,tt0133240,Treasure Planet,2002,95,140000000,109578115,16.1419,7.2,980
25748,tt0106557,Children of the Corn II: The Final Sacrifice,1993,92,900000,6980986,8.35787,4.5,50
25793,tt0929632,Precious,2009,110,10000000,47536959,8.29355,6.9,426
25941,tt1289406,Harry Brown,2009,103,7300000,10329747,7.47821,6.7,351
26022,tt1188996,My Name Is Khan,2010,145,12000000,42345360,11.2646,7.7,237
26142,tt0101746,The Doctor,1991,122,12000000,38120905,8.33724,6.6,24
26147,tt0453365,FC Venus,2005,107,2196531,2411594,0.947509,5.6,10
26178,tt0087981,Razorback,1984,95,5500000,801000,1.82298,5.6,33
26198,tt0085780,The Keep,1983,96,6000000,3661757,3.55449,5.9,56
26306,tt0119937,Prefontaine,1997,106,8000000,589304,2.93818,6.7,21
26386,tt0095107,Ernest Saves Christmas,1988,95,6000000,28202109,3.59055,4.9,47
26388,tt1462758,Buried,2010,94,1987650,19152480,7.38944,6.6,853
26389,tt1179034,From Paris with Love,2010,92,52000000,52826594,6.88559,6.2,684
26515,tt0095925,Pumpkinhead,1988,86,3500000,4385516,11.8415,5.9,108
26555,tt0090856,Club Paradise,1986,96,15000000,12308521,4.07985,4.3,20
26602,tt0234829,Summer Catch,2001,108,34000000,19693891,5.49987,4.8,63
26670,tt0105017,Noises Off...,1992,101,12000000,2280148,4.17949,7,38
26688,tt1232783,Sorority Row,2009,101,12500000,27206120,5.01085,5.3,179
26791,tt0268200,Brigham City,2001,119,1000000,852206,0.202478,7.3,4
26978,tt0086346,Spacehunter: Adventures in the Forbidden Zone,1983,90,15000000,16500000,3.52144,5.1,37
27004,tt1106860,Ca$h,2010,108,7000000,46488,9.10783,6,73
27022,tt0963966,The Sorcerer's Apprentice,2010,109,150000000,215283742,12.5335,5.9,1526
27046,tt0987918,The Irony of Fate. The Sequel,2007,125,5000000,55635037,1.7924,4.7,24
27064,tt0089603,Mishima: A Life in Four Chapters,1985,121,5000000,502758,8.59183,7.7,37
27205,tt1375666,Inception,2010,148,160000000,825532764,29.1081,8.1,14075
27274,tt0099611,Frankenhooker,1990,85,2500000,205068,5.09779,5.7,65
27549,tt0101412,Beastmaster 2: Through the Portal of Time,1991,107,6000000,869325,4.03828,4.6,17
27573,tt1038919,The Bounty Hunter,2010,110,40000000,136000000,6.71526,5.6,878
27576,tt0944835,Salt,2010,100,110000000,293329073,8.70446,6.2,2125
27873,tt0084887,Battletruck,1982,91,1000000,3000000,0.815844,4.2,5
31011,tt0485947,Mr. Nobody,2009,156,47000000,3547209,11.8171,7.9,1616
31060,tt1193516,Recep İvedik,2008,90,500000,5330000,1.64027,5.4,21
31162,tt1569364,Black Lightning,2009,102,15000000,21500000,3.93153,5.3,33
31225,tt0100332,Paris is Burning,1990,71,500000,3779620,4.10129,8.2,67
31359,tt0214289,Would I Lie to You? 2,2001,105,12560000,42700000,4.05299,6.4,81
31867,tt1053424,Repo Men,2010,111,32000000,18409891,7.50297,6.2,627
31909,tt0091276,Invaders from Mars,1986,100,12000000,4884663,3.58088,5.5,59
32316,tt0266747,Marci X,2003,84,20000000,1675706,4.15656,3.3,12
32456,tt0124179,Two Girls and a Guy,1997,84,1000000,2057193,4.96767,5.4,25
32511,tt1337051,"Police, Adjective",2009,115,1089360,48298,0.663231,6.1,14
32657,tt0814255,Percy Jackson & the Olympians: The Lightning Thief,2010,118,95000000,226497209,9.7859,6,2079
33539,tt0107745,Once Upon a Forest,1993,71,13000000,6582052,3.14419,6.2,24
33644,tt0120703,How Stella Got Her Groove Back,1998,124,20000000,37672350,3.64526,6,24
33762,tt0090693,Band of the Hand,1986,109,8700000,4865912,4.39771,6.9,14
34016,tt0815236,She's Out of My League,2010,104,20000000,49779728,8.10125,5.9,544
34314,tt0120390,Turbulence,1997,100,55000000,11466088,5.30404,5.2,63
36523,tt0259308,Felix The Cat: The Movie,1988,82,9000000,1964253,0.030576,3.7,5
36576,tt0085384,Curse of the Pink Panther,1983,109,11000000,4491986,8.04638,3.6,42
36683,tt1155705,20th Century Boys - Chapter 1: Beginning of the End,2008,142,20000000,31244858,1.88952,6.7,21
37495,tt1341167,Four Lions,2010,101,967686,4270000,11.934,7.1,428
40952,tt0083542,Alone in the Dark,1982,93,20000000,8178569,1.05739,5.5,26
41402,tt1228987,Let Me In,2010,116,20000000,24145613,11.1195,6.7,656
43552,tt1452628,Vanishing on 7th Street,2010,92,10000000,1068682,8.41943,4.8,165
43919,tt1270835,Hatchet II,2010,89,2500000,52604,12.5258,5.6,91
43923,tt0804497,It's Kind of a Funny Story,2010,101,8000000,6491240,8.17201,6.9,691
43930,tt1456941,"Tomorrow, When the War Began",2010,103,27000000,16504936,4.98348,6.2,195
44115,tt1542344,127 Hours,2010,94,18000000,35692920,11.1768,7,2668
44943,tt1217613,Battle: Los Angeles,2011,116,70000000,202466756,6.75375,5.5,1462
45658,tt1531663,Everything Must Go,2010,97,5000000,2614773,4.77999,6,210
47880,tt0421229,Mrs Palfrey at The Claremont,2005,108,750000,1720953,2.6982,6.8,10
47907,tt0117718,The Spitfire Grill,1996,117,6000000,12643776,1.19589,6.8,17
48231,tt1571222,A Dangerous Method,2011,99,15000000,27462041,9.86594,6.2,589
49013,tt1216475,Cars 2,2011,106,200000000,559852396,13.693,5.8,2088
49035,tt0242256,Alaipayuthey,2000,156,2000000,6000000,0.570021,6.7,6
49494,tt1034389,The Eagle,2011,114,25000000,27122040,6.19693,5.9,426
49524,tt0790736,R.I.P.D.,2013,96,130000000,61648500,9.36968,5.4,1280
49526,tt1547234,Premium Rush,2012,91,35000000,31083599,5.65478,6.2,848
49530,tt1637688,In Time,2011,109,40000000,173930596,10.3246,6.7,3512
50601,tt1486193,5 Days of War,2011,113,20000000,17479,3.17451,5.8,63
50619,tt1324999,The Twilight Saga: Breaking Dawn - Part 1,2011,117,110000000,712171856,25.9725,5.8,2622
51321,tt0095853,Permanent Record,1988,91,8000000,1893139,1.19438,5.7,9
51540,tt1499658,Horrible Bosses,2011,98,35000000,117000000,9.85695,6.4,2341
51917,tt1075114,A Whole Life Ahead,2008,117,5940000,4250000,3.37214,6.5,65
52891,tt1124396,Hitler's Kaput!,2008,99,3000000,9713500,0.878255,3.6,7
54318,tt0760329,The Water Horse,2007,112,40000000,103071443,5.08321,6.3,293
54580,tt0319769,Mondays in the Sun,2002,113,4000000,146402,2.06139,7,37
54648,tt0114108,The Pebble and the Penguin,1995,74,28000000,3983912,2.30499,5.2,32
54934,tt0105508,Swoon,1992,82,250000,340147,0.003013,5.9,8
55292,tt1533749,Shaolin,2011,131,29000000,33662874,5.31124,6.5,102
55721,tt1478338,Bridesmaids,2011,125,32500000,288383523,6.81099,6.5,1697
55740,tt0431461,Waltzing Anna,2006,108,1000000,11455,0.333017,7,1
56372,tt0415678,Shadowboxing,2005,126,3500000,8262833,0.768181,5,13
57276,tt1440266,Pina,2011,106,4317946,14624826,12.453,7.3,76
57695,tt1599975,The Princess of Montpensier,2010,139,14734000,6775121,2.15615,6.4,42
58595,tt1735898,Snow White and the Huntsman,2012,127,170000000,396600000,18.7516,5.8,3183
59387,tt0289408,The Powerpuff Girls Movie,2002,77,10000000,11411644,5.02446,5.6,49
59440,tt1291584,Warrior,2011,140,25000000,23057115,13.1216,7.7,1297
59861,tt1583420,Larry Crowne,2011,98,30000000,36160375,10.778,5.7,369
60309,tt0968264,The Conspirator,2010,122,25000000,15478800,5.48145,6.2,138
60579,tt0222012,Hey Ram,2000,199,3900000,4900000,0.562097,6.7,10
60599,tt1764183,Arbitrage,2012,100,12000000,35485056,5.8085,6.1,300
62206,tt1622547,30 Minutes or Less,2011,83,28000000,40547440,9.76349,5.6,537
62213,tt1077368,Dark Shadows,2012,113,150000000,245527149,10.6659,5.7,2383
62764,tt1667353,Mirror Mirror,2012,106,85000000,183018522,14.1702,5.5,1148
65614,tt0464665,Dreaming of Space,2005,90,2000000,696681,0.570293,5.7,3
67675,tt1922612,Glee: The Concert Movie,2011,84,9000000,18663238,9.20242,6.9,81
69928,tt0085891,The Man Who Loved Women,1983,110,19000000,11000000,5.21451,4.4,9
70695,tt1107319,Dirty Girl,2010,90,4000000,55125,10.9645,6.4,71
71668,tt1714203,Piranha 3DD,2012,83,5000000,8493728,5.6152,4.1,319
71688,tt1007029,The Iron Lady,2011,105,13000000,114956699,7.42125,6.2,540
72113,tt1692486,Carnage,2011,80,25000000,27603069,8.84484,7,760
72559,tt1583421,G.I. Joe: Retaliation,2013,110,130000000,371876278,10.5606,5.4,3045
72571,tt1778304,Paranormal Activity 3,2011,83,5000000,205703818,10.9963,5.9,685
72784,tt1850397,The Loft,2014,108,14000000,10076790,14.4434,6.4,500
73499,tt1646980,The Double,2011,98,17000000,3696232,5.49882,5.8,226
73981,tt0221809,Ayurveda: Art of Being,2001,101,300000,2074000,0.113042,5.5,3
74458,tt1740710,Mere Brother Ki Dulhan,2011,139,5510000,18050000,1.83887,6.5,19
75438,tt1820462,Pregnant,2011,81,2000000,8000000,0.397106,3.1,7
76163,tt1764651,The Expendables 2,2012,103,100000000,312573423,14.8816,6.1,2940
76758,tt1410063,The Flowers of War,2011,145,94000000,95311434,6.58771,7.1,193
77866,tt1524137,Contraband,2012,109,25000000,63100000,10.5951,6.1,777
77883,tt0431021,The Possession,2012,92,14000000,85446075,7.28648,5.8,509
77931,tt2017020,The Smurfs 2,2013,105,105000000,347434178,10.6409,5.5,711
77951,tt1762399,Walking With Dinosaurs,2013,87,80000000,126546518,8.88387,5.2,136
78698,tt1430615,Big Miracle,2012,107,40000000,24719215,6.15938,6.6,153
79224,tt2025526,War of the Arrows,2011,122,8000000,49000000,7.03031,6.7,68
80321,tt1277953,Madagascar 3: Europe's Most Wanted,2012,93,145000000,746921274,13.829,6.4,1857
82390,tt1496422,The Paperboy,2012,107,12500000,1353868,5.52688,5.4,244
82525,tt1615065,Savages,2012,131,45000000,82966152,13.248,6.2,784
82633,tt1212450,Lawless,2012,115,26000000,53676580,7.96842,6.8,1055
82682,tt1321870,Gangster Squad,2013,113,60000000,105200903,8.58156,6.2,1805
82703,tt0864835,Mr. Peabody & Sherman,2014,92,145000000,272912430,9.49384,6.7,861
83666,tt1748122,Moonrise Kingdom,2012,94,16000000,68263166,8.69243,7.6,1701
84329,tt1990314,Robot & Frank,2012,85,2500000,3325038,9.29149,6.8,454
85889,tt1450321,Filth,2013,97,5000000,9114264,14.9705,6.8,628
86829,tt2042568,Inside Llewyn Davis,2013,105,11000000,32935319,10.8381,7.2,845
86837,tt1602620,Amour,2012,127,8900000,29844753,7.66395,7.5,413
87368,tt1860152,17 Girls,2011,87,4141459,201607,5.10933,5.6,103
87499,tt1869716,The East,2013,116,6500000,2401510,6.53667,6.5,308
87516,tt1321511,Oldboy,2013,104,30000000,4861022,7.88235,5.9,632
88005,tt1307068,Seeking a Friend for the End of the World,2012,101,10000000,9636289,6.94753,6.3,713
88042,tt1047540,Parental Guidance,2012,104,25000000,119772232,11.7461,5.8,212
88224,tt0116985,Manny & Lo,1996,88,500000,431326,1.14366,6.3,9
88491,tt1651118,Chapiteau-Show,2011,207,2000000,393816,0.74156,6.8,13
89492,tt1758830,This Is 40,2012,134,35000000,88058786,11.4188,5.6,909
91073,tt1542482,Late Autumn,2010,113,6200000,4820000,1.07725,6.9,22
91911,tt1510907,Behind the Burly Q,2010,97,250000,23859,0.386717,5.5,3
92182,tt1767382,Silent House,2011,85,2000000,13101672,10.2399,5.2,125
96239,tt1810861,Remington and the Curse of the Zombadings,2011,96,22361,721651,0.673247,5.3,5
98203,tt1699745,Captive,2012,120,11180,24591,0.660969,5.9,11
98339,tt1867093,The Samaritan,2012,90,12000000,2521,11.5213,5.2,69
98566,tt1291150,Teenage Mutant Ninja Turtles,2014,101,125000000,477200000,22.338,5.8,2677
99861,tt2395427,Avengers: Age of Ultron,2015,141,280000000,1405403694,37.3794,7.3,6908
100042,tt2096672,Dumb and Dumber To,2014,110,40000000,169837010,15.4026,5.4,1140
101299,tt1951264,The Hunger Games: Catching Fire,2013,146,130000000,847423452,25.3091,7.4,6656
102197,tt2321517,The Spy,2012,99,6000000,4588176,1.82225,4.6,10
102899,tt0478970,Ant-Man,2015,117,130000000,519311965,26.8824,7,6029
103663,tt2106476,The Hunt,2012,115,3800000,16800000,8.4628,7.9,946
103731,tt1935179,Mud,2013,130,10000000,21587700,7.88158,7,1080
105506,tt2345561,Grandmaster,2012,130,120000,130000,0.485424,6.1,10
106646,tt0993846,The Wolf of Wall Street,2013,180,100000000,392000694,16.3824,7.9,6768
106747,tt2002718,Machete Kills,2013,107,12000000,15008161,9.25108,5.3,642
107846,tt1211956,Escape Plan,2013,115,50000000,122915111,14.1916,6.7,1688
109418,tt2191701,Grown Ups 2,2013,100,80000000,246984278,9.41173,5.8,1180
110415,tt1706620,Snowpiercer,2013,126,39200000,86758912,14.1319,6.7,2910
111237,tt2318405,White Tiger,2012,104,11000000,7200000,9.56013,5.9,24
113947,tt1866249,The Sessions,2012,98,1000000,9138338,5.76032,6.6,183
115210,tt2126362,Stitches,2012,86,100000,95000,8.3287,5.5,94
115348,tt1413495,Paranoia,2013,106,35000000,13785015,7.24958,5.6,358
115873,tt2612156,The Angrez,2006,110,50000,300000,0.34064,6.9,6
116977,tt0249516,Foodfight!,2012,87,65000000,73706,6.69359,2.3,28
117553,tt0106505,Calendar Girl,1993,90,13000000,2570145,1.31674,3.7,10
118340,tt2015381,Guardians of the Galaxy,2014,121,170000000,773328629,53.2916,7.9,10014
119450,tt2103281,Dawn of the Planet of the Apes,2014,130,170000000,710644566,75.3852,7.3,4511
119675,tt1291580,Behind the Candelabra,2013,118,23000000,15600000,7.33945,6.6,307
121173,tt2244376,Voracious,2012,104,11178,34659,0.079287,8,1
122857,tt1659343,Universal Soldier: Day of Reckoning,2012,114,11500000,1402307,12.8873,5.1,139
123103,tt1780762,Aftershock,2012,89,2000000,58510,8.36786,5.3,110
123109,tt1763264,No One Lives,2013,86,2900000,74918,7.20283,5.5,173
123553,tt1538403,The Mortal Instruments: City of Bones,2013,130,60000000,90565421,14.3362,6.2,1649
124905,tt0831387,Godzilla,2014,123,160000000,529076069,14.0192,6.1,3232
127585,tt1877832,X-Men: Days of Future Past,2014,131,250000000,747862775,26.0586,7.5,6155
130150,tt1967545,Labor Day,2013,111,18000000,20275812,6.10865,6.7,306
131634,tt1951266,The Hunger Games: Mockingjay - Part 2,2015,137,160000000,653428261,26.6282,6.6,4117
131940,tt0151150,Josh,2000,162,6900000,15000000,4.0315,6,15
132232,tt2023587,Mama,2013,100,15000000,146497771,16.0185,6,1452
132344,tt2209418,Before Midnight,2013,108,3000000,11176469,11.3032,7.3,583
133463,tt1857842,Redd Inc.,2012,93,500000,1000000,5.41101,5.5,28
134126,tt2371486,A Company Man,2012,96,3500000,7339398,6.26169,6.6,52
134374,tt1980209,Pain & Gain,2013,130,25000000,86175291,9.218,6.1,1595
134411,tt0882977,Snitch,2013,112,35000000,42930462,13.5427,5.8,1155
138222,tt1885300,Best Man Down,2012,90,1500000,1938,5.87571,6.1,65
139567,tt1925431,Fire with Fire,2012,97,20000000,4636169,10.9992,5.6,223
140818,tt2363213,Ragnarok,2013,120,6500000,3721345,11.3652,5.7,59
140870,tt2368672,Minuscule: Valley of the Lost Ants,2013,89,19700000,30000000,6.58343,6.6,128
141520,tt1766044,Rita's Last Fairy Tale,2012,100,200000,486937,0.560685,7.4,8
144336,tt1742334,Sabotage,2014,110,35000000,17508518,6.96651,5.5,560
144340,tt1814621,Admission,2013,107,13000000,18000000,10.0985,5.5,307
145220,tt2281587,Muppets Most Wanted,2014,112,50000000,80383290,7.24496,6.2,318
146198,tt1712261,Triple 9,2016,115,20000000,12639297,12.8925,5.6,812
146238,tt2364841,Runner Runner,2013,91,30000000,62616646,8.86461,5.5,547
146301,tt2473510,Paranormal Activity: The Ghost Dimension,2015,88,10000000,78096553,9.1857,5,435
147441,tt1528100,Exodus: Gods and Kings,2014,150,140000000,268031828,16.3202,5.6,1957
148284,tt1305797,Enthiran,2010,155,26400000,62000000,4.3304,6.5,46
150540,tt2096673,Inside Out,2015,94,175000000,857611174,23.9856,7.9,6737
151743,tt2459022,Lost in Thailand,2012,105,2200000,208000000,1.78913,6.1,28
152599,tt1951181,The Immigrant,2013,117,16000000,5867686,6.98592,6.2,256
152601,tt1798709,Her,2013,126,23000000,47351251,13.8295,7.9,4215
152737,tt1322269,August: Osage County,2013,121,25000000,74188937,6.9543,6.9,497
152747,tt2017038,All Is Lost,2013,106,9000000,6108720,12.7497,6.6,679
152780,tt2404461,The Past,2013,130,11000000,10631747,9.16656,7.1,161
153158,tt1634003,Underdogs,2013,106,22000000,24000000,14.3479,6,127
153518,tt1985949,The Angry Birds Movie,2016,97,73000000,349779543,11.1719,5.9,1048
154400,tt1600196,The Drop,2014,106,12600000,19054534,11.695,6.7,859
155084,tt2059171,13 Sins,2014,93,5000000,13809,9.06779,6.2,355
157336,tt0816692,Interstellar,2014,169,165000000,675120017,32.2135,8.1,11187
157350,tt1840309,Divergent,2014,139,85000000,288747895,21.5726,6.9,4784
157544,tt1524575,The Vatican Tapes,2015,91,13000000,1784763,5.1493,4.6,248
157827,tt2217859,Louder Than Bombs,2015,109,11000000,161789,12.2932,6.7,93
157841,tt1981107,The Young and Prodigious T.S. Spivet,2013,105,33000000,9494789,6.83954,6.7,234
157845,tt2345737,The Rover,2014,103,12250000,2295423,6.56137,6.1,295
157847,tt2382396,Joe,2014,118,4000000,2365467,13.7844,6.5,346
157849,tt1972571,A Most Wanted Man,2014,121,15000000,31554855,10.4324,6.5,545
158011,tt1911644,The Call,2013,94,13000000,68572378,8.61108,6.6,1275
158015,tt2184339,The Purge,2013,86,3000000,89328627,23.2077,6,2498
158852,tt1964418,Tomorrowland,2015,130,190000000,209154322,22.2961,6.2,2904
158916,tt2224004,Sweetwater,2013,95,7000000,6147,5.79986,6,71
159447,tt2592500,"Mommies, Happy New Year!",2012,90,2000000,11666088,1.45605,5.3,9
160588,tt2334873,Blue Jasmine,2013,98,18000000,99206215,12.6124,7,1126
160768,tt2210834,Jimmy P.,2013,117,10000000,30283,4.50333,6,30
167810,tt2366608,Lost River,2015,95,2000000,45431,6.6407,5.8,228
168530,tt1408253,Ride Along,2014,99,25000000,153997819,9.89575,6.1,867
168672,tt1800241,American Hustle,2013,138,40000000,251171807,16.478,6.8,2868
170687,tt0787474,The Boxtrolls,2014,97,60000000,108255770,11.5639,6.6,689
173897,tt2592614,Resident Evil: The Final Chapter,2016,107,40000000,312242626,0.75571,5.9,1139
174751,tt2140037,Jane Got a Gun,2016,98,25000000,1397284,8.82607,5.4,293
